Ticker,MarketCap
A,34920000000.0
AA,9010000000.0
AACB,251250000.0
AACG,26320000.0
AACT,698130000.0
AADI,51760000.0
AAL,7440000000.0
AAM,450290000.0
AAME,29780000.0
AAMI,940300000.0
AAOI,1040000000.0
AAON,6750000000.0
AAP,2260000000.0
AAPG,1660000000.0
AAPL,3214720000000.0
AARD,198020000.0
AAT,1570000000.0
AB,4160000000.0
ABAT,93120000.0
ABBV,378620000000.0
ABCB,3980000000.0
ABCL,756890000.0
ABEO,230400000.0
ABEV,37540000000.0
ABG,4610000000.0
ABL,713580000.0
ABLV,44970000.0
ABM,2970000000.0
ABNB,78870000000.0
ABOS,76900000.0
ABP,25060000.0
ABR,2520000000.0
ABSI,368690000.0
ABT,221370000000.0
ABTS,7850000.0
ABUS,621530000.0
ABVC,7970000.0
ABVE,12640000.0
ABVX,395810000.0
AC,744210000.0
ACA,3960000000.0
ACAD,2870000000.0
ACB,240090000.0
ACCD,573950000.0
ACCO,423070000.0
ACCS,35350000.0
ACDC,1130000000.0
ACEL,840210000.0
ACET,64250000.0
ACGL,35620000000.0
ACHC,2730000000.0
ACHL,59180000.0
ACHR,4510000000.0
ACHV,100930000.0
ACI,12710000000.0
ACIC,591530000.0
ACIU,218660000.0
ACIW,5610000000.0
ACLS,1870000000.0
ACLX,4000000000.0
ACM,12680000000.0
ACMR,1890000000.0
ACN,203730000000.0
ACNB,436470000.0
ACNT,130009999.99999999
ACOG,91150000.0
ACON,887880.0
ACR,166240000.0
ACRE,271880000.0
ACRS,170510000.0
ACRV,171250000.0
ACT,5080000000.0
ACTG,337130000.0
ACTU,144530000.0
ACU,151040000.0
ACVA,2480000000.0
ACXP,7990000.0
ADAG,80130000.0
ADAP,116860000.0
ADBE,173670000000.0
ADC,8289999999.999999
ADCT,173070000.0
ADD,2840000.0
ADEA,1490000000.0
ADGM,14540000.0
ADI,104990000000.0
ADIL,4800000.0
ADM,23020000000.0
ADMA,4420000000.0
ADN,12870000.0
ADNT,1180000000.0
ADP,120670000000.0
ADPT,1120000000.0
ADSE,754310000.0
ADSK,55510000000.0
ADT,6570000000.0
ADTN,733120000.0
ADTX,1380000.0
ADUR,171070000.0
ADUS,1670000000.0
ADV,507830000.0
ADVB,84180000.0
ADVM,98400000.0
ADXN,6180000.0
AEE,27190000000.0
AEG,10400000000.0
AEHL,4000000.0
AEHR,290280000.0
AEI,9450000.0
AEIS,4050000000.0
AEM,52870000000.0
AEMD,5440000.0
AENT,180900000.0
AEO,2320000000.0
AEON,810810.0
AEP,56320000000.0
AER,18490000000.0
AERT,28070000.0
AES,9290000000.0
AESI,2190000000.0
AEVA,150870000.0
AEYE,156400000.0
AFBI,114090000.0
AFCG,142350000.0
AFG,10630000000.0
AFJK,98830000.0
AFL,59250000000.0
AFMD,14740000.0
AFRI,230090000.0
AFRM,15350000000.0
AFYA,1620000000.0
AG,3430000000.0
AGAE,48080000.0
AGCO,7110000000.0
AGEN,45050000.0
AGFY,38300000.0
AGH,7790000.0
AGI,10860000000.0
AGIO,1830000000.0
AGL,1730000000.0
AGM,2120000000.0
AGM.A,2069999999.9999998
AGMH,2570000.0
AGNC,9320000000.0
AGO,4380000000.0
AGRI,2190000.0
AGRO,1060000000.0
AGS,498400000.0
AGX,1640000000.0
AGYS,2080000000.0
AHCO,1310000000.0
AHG,347160000.0
AHH,775100000.0
AHR,4740000000.0
AHT,43350000.0
AI,2910000000.0
AIEV,8930000.0
AIFE,110260000.0
AIFF,42210000.0
AIFU,17010000.0
AIG,49780000000.0
AIHS,9220000.0
AIM,7650000.0
AIMAU,67410000.0
AIMD,8060000.000000001
AIN,2290000000.0
AIOT,790760000.0
AIP,321850000.0
AIR,2400000000.0
AIRE,59170000.0
AIRG,49590000.0
AIRI,13300000.0
AIRJ,450650000.0
AIRS,154050000.0
AIRT,47020000.0
AISP,125730000.0
AISPW,129539999.99999999
AIT,8720000000.0
AITR,85670000.0
AIV,1350000000.0
AIXI,41340000.0
AIZ,10900000000.0
AJG,83830000000.0
AKA,127780000.0
AKAM,12440000000.0
AKAN,2180000.0
AKBA,566950000.0
AKO.A,3070000000.0
AKO.B,3070000000.0
AKR,2690000000.0
AKRO,3570000000.0
AKTX,27230000.0
AKYA,77330000.0
AL,5210000000.0
ALAB,11680000000.0
ALAR,54140000.0
ALB,9330000000.0
ALBT,5350000.0
ALC,44300000000.0
ALCO,221570000.0
ALCY,50850000.0
ALDF,300470000.0
ALDX,376760000.0
ALE,3790000000.0
ALEC,136740000.0
ALEX,1280000000.0
ALF,367640000.0
ALG,2270000000.0
ALGM,4960000000.0
ALGN,12480000000.0
ALGS,71350000.0
ALGT,961190000.0
ALHC,3090000000.0
ALIT,3380000000.0
ALK,6790000000.0
ALKS,5590000000.0
ALKT,2630000000.0
ALL,55680000000.0
ALLE,10990000000.0
ALLK,22680000.0
ALLO,401940000.0
ALLR,4110000.0000000005
ALLT,222040000.0
ALLY,10610000000.0
ALMS,235580000.0
ALNT,397710000.0
ALNY,32770000000.000004
ALOT,80180000.0
ALRM,2900000000.0
ALRS,467180000.0
ALSN,8369999999.999999
ALT,459770000.0
ALTG,174160000.0
ALTI,484340000.0
ALTO,104960000.0
ALTR,9560000000.0
ALTS,63590000.0
ALUR,18360000.0
ALV,6980000000.0
ALVO,3410000000.0
ALVR,48460000.0
ALX,1070000000.0000001
ALXO,41850000.0
ALZN,5900000.0
AM,8340000000.0
AMAL,911410000.0
AMAT,126300000000.0
AMBA,2340000000.0
AMBC,392600000.0
AMBI,277700000.0
AMBO,8450000.0
AMBP,1720000000.0
AMBR,5790000000.0
AMC,1300000000.0
AMCR,14210000000.0
AMCX,310270000.0
AMD,169490000000.0
AME,41200000000.0
AMED,3040000000.0
AMG,4840000000.0
AMGN,170390000000.0
AMH,15170000000.0
AMIX,4900000.0
AMKR,4830000000.0
AMLX,332260000.0
AMN,941360000.0
AMOD,19090000.0
AMP,47360000000.0
AMPG,29420000.0
AMPH,1320000000.0
AMPL,1550000000.0
AMPS,795690000.0
AMPX,246580000.0
AMPY,155280000.0
AMR,1650000000.0
AMRC,607380000.0
AMRK,643620000.0
AMRN,173960000.0
AMRX,2670000000.0
AMS,18170000.0
AMSC,785640000.0
AMSF,981610000.0
AMST,10180000.0
AMT,99420000000.0
AMTB,884640000.0
AMTD,72000000.0
AMTM,4580000000.0
AMTX,108770000.0
AMWD,885780000.0
AMWL,128000000.0
AMX,43980000000.0
AMZN,2074400000000.0
AN,6420000000.0
ANAB,506310000.0
ANDE,1470000000.0
ANEB,64090000.0
ANET,107310000000.0
ANF,4170000000.0
ANGH,42190000.0
ANGI,815600000.0
ANGO,388070000.0
ANIK,235940000.0
ANIP,1310000000.0
ANIX,97550000.0
ANL,83030000.0
ANNA,396000000.0
ANNX,301700000.0
ANRO,83340000.0
ANSC,457990000.0
ANSS,28480000000.0
ANTE,23040000.0
ANTX,41530000.0
ANVS,37610000.0
ANY,10490000.0
AOD,904600000.0
AOMR,226780000.0
AON,84450000000.0
AORT,1010000000.0
AOS,9690000000.0
AOSL,812150000.0
AOUT,173830000.0
AP,45810000.0
APA,7290000000.0
APAM,3250000000.0
APCX,10360000.0
APD,65769999999.99999
APDN,2020000.0
APEI,402740000.0
APG,10410000000.0
APGE,2340000000.0
APH,77340000000.0
API,522620000.0
APLD,1640000000.0
APLE,3300000000.0
APLM,8790000.0
APLS,3150000000.0
APLT,63530000.0
APM,6740000.0
APO,79130000000.0
APOG,1030000000.0
APP,104320000000.0
APPF,7870000000.0
APPN,2210000000.0
APPS,402180000.0
APRE,12720000.0
APT,56200000.0
APTO,8340000.0
APTV,14370000000.0
APVO,3850000.0
APWC,33189999.999999996
APYX,42710000.0
AQB,2400000.0
AQMS,15400000.0
AQN,3920000000.0
AQST,282770000.0
AR,12100000000.0
ARAY,192290000.0
ARBB,17850000.0
ARBE,121160000.0
ARBK,29110000.0
ARCB,1760000000.0
ARCC,14540000000.0
ARCO,1770000000.0
ARCT,384020000.0
ARDT,2009999999.9999998
ARDX,1290000000.0
ARE,17230000000.0
AREB,560970.0
AREC,37470000.0
AREN,73570000.0
ARES,46400000000.0
ARGX,37170000000.0
ARHS,1310000000.0
ARI,1380000000.0
ARIS,1690000000.0
ARKO,460770000.0
ARKR,37300000.0
ARL,219670000.0
ARLO,1130000000.0
ARLP,3200000000.0
ARM,127920000000.0
ARMK,9540000000.0
ARMN,780630000.0
ARMP,73810000.0
AROC,4500000000.0
AROW,433990000.0
ARQ,201670000.0
ARQQ,294340000.0
ARQT,1950000000.0
ARR,1880000000.0
ARRY,927280000.0
ARTL,3120000.0
ARTNA,331180000.0
ARTV,142580000.0
ARTW,8490000.0
ARVN,598320000.0
ARW,5510000000.0
ARWR,1970000000.0
AS,15780000000.0
ASA,536230000.0
ASAN,3220000000.0
ASB,3640000000.0
ASBP,29630000.0
ASC,409080000.0
ASGN,3000000000.0
ASH,2700000000.0
ASIX,644530000.0
ASLE,438480000.0
ASM,265329999.99999997
ASMB,67310000.0
ASML,283990000000.0
ASND,10100000000.0
ASNS,5100000.0
ASO,3240000000.0
ASPC,80870000.0
ASPI,304840000.0
ASPN,603130000.0
ASPS,76550000.0
ASR,8640000000.0
ASRT,69700000.0
ASRV,40140000.0
ASST,7050000.0
ASTC,10650000.0
ASTE,835540000.0
ASTH,1530000000.0
ASTI,2570000.0
ASTL,663760000.0
ASTS,8870000000.0
ASUR,257110000.0
ASX,21140000000.0
ASYS,70590000.0
ATAI,244990000.0
ATAT,4310000000.0
ATCH,247030.0
ATEC,1410000000.0
ATEN,1310000000.0
ATER,16000000.0
ATEX,733430000.0
ATGE,3610000000.0
ATGL,484160000.0
ATHA,12770000.0
ATHE,35030000.0
ATHM,3760000000.0
ATI,7300000000.0
ATII,238840000.0
ATKR,2290000000.0
ATLC,719190000.0
ATLN,338870000.0
ATLO,158520000.0
ATLX,106080000.0
ATMC,79730000.0
ATMU,3070000000.0
ATMV,80990000.0
ATNF,3400000.0
ATNI,351450000.0
ATNM,40550000.0
ATO,24040000000.0
ATOM,187600000.0
ATOS,91830000.0
ATPC,4070000.0000000005
ATR,9830000000.0
ATRA,42010000.0
ATRC,1650000000.0
ATRO,878550000.0
ATS,2700000000.0
ATSG,1460000000.0
ATUS,1170000000.0
ATXG,8770000.0
ATXI,1630000.0
ATXS,365690000.0
ATYR,336610000.0
AU,16610000000.0
AUB,2930000000.0
AUBN,73200000.0
AUDC,318300000.0
AUID,57120000.0
AUNA,527770000.0
AUPH,1150000000.0
AUR,12130000000.0
AURA,376630000.0
AUST,20840000.0
AUTL,484340000.0
AUUD,2580000.0
AVA,3200000000.0
AVAH,1070000000.0000001
AVAL,3460000000.0
AVAV,3520000000.0
AVB,30080000000.0
AVBP,699370000.0
AVD,136170000.0
AVDL,854200000.0
AVDX,1690000000.0
AVGO,914530000000.0
AVIR,267690000.0
AVNS,674360000.0
AVNT,3720000000.0
AVNW,241760000.0
AVO,725640000.0
AVPT,2980000000.0
AVR,246330000.0
AVT,4170000000.0
AVTE,71300000.0
AVTR,11240000000.0
AVTX,80470000.0
AVXL,782590000.0
AVY,14190000000.0
AWH,2170000.0
AWI,6160000000.0
AWK,28230000000.0
AWR,2980000000.0
AWRE,34350000.0
AWX,12440000.0
AX,3630000000.0
AXDX,27300000.0
AXGN,810600000.0
AXIL,47140000.0
AXL,536169999.99999994
AXON,42510000000.0
AXP,185740000000.0
AXR,113520000.0
AXS,7720000000.0
AXSM,6130000000.0
AXTA,7650000000.0
AXTI,80030000.0
AYI,8189999999.999999
AYRO,3540000.0
AYTU,7590000.0
AZ,236860000.0
AZEK,5960000000.0
AZI,56060000.0
AZN,239700000000.0
AZO,60640000000.0
AZTA,1710000000.0
AZTR,5230000.0
AZUL,232530000.0
AZZ,2590000000.0
BA,121830000000.0
BABA,333950000000.0
BAC,315060000000.0
BACK,925620.0
BACQ,337580000.0
BAER,84580000.0
BAFN,80390000.0
BAH,14610000000.0
BAK,1600000000.0
BALL,14790000000.0
BAM,77330000000.0
BANC,2390000000.0
BAND,430220000.0
BANF,3690000000.0
BANL,31910000.0
BANR,2230000000.0
BANX,150490000.0
BAOS,3010000.0
BAP,15160000000.0
BARK,241380000.0
BASE,710360000.0
BATL,19420000.0
BATRA,2500000000.0
BATRK,2440000000.0
BAX,17830000000.0
BAYA,59040000.0
BB,2680000000.0
BBAI,877920000.0
BBAR,4440000000.0
BBCP,318310000.0
BBD,21980000000.0
BBDC,990840000.0
BBDO,21980000000.0
BBGI,10450000.0
BBIO,6280000000.0
BBLG,2720000.0
BBNX,711890000.0
BBSI,1030000000.0
BBU,4900000000.0
BBUC,1870000000.0
BBVA,83450000000.0
BBW,462870000.0
BBWI,6480000000.0
BBY,15770000000.0
BC,3900000000.0
BCAB,20950000.0
BCAL,485280000.0
BCAX,734610000.0
BCBP,168540000.0
BCC,3790000000.0
BCDA,12010000.0
BCE,21840000000.0
BCG,33700000.0
BCH,14350000000.0
BCLI,9010000.0
BCML,277610000.0
BCO,3730000000.0
BCPC,5480000000.0
BCRX,1620000000.0
BCS,54930000000.0
BCSF,1070000000.0000001
BCTX,14900000.0
BCYC,690640000.0
BDC,4139999999.9999995
BDL,46840000.0
BDMD,213600000.0
BDN,801970000.0
BDRX,1420000.0
BDSX,109480000.0
BDTX,96890000.0
BDX,65420000000.0
BE,5570000000.0
BEAG,314430000.0
BEAM,1990000000.0
BEAT,56260000.0
BECN,7380000000.0
BEDU,46310000.0
BEEM,32799999.999999996
BEEP,164440000.0
BEKE,30290000000.0
BELFA,933900000.0
BELFB,941720000.0
BEN,10400000000.0
BENF,2800000.0
BEP,15160000000.0
BEPC,9650000000.0
BERY,8170000000.0
BETR,176200000.0
BETRW,176200000.0
BF.A,16820000000.0
BF.B,16910000000.0
BFAM,7410000000.0
BFC,1020000000.0
BFH,2350000000.0
BFIN,161860000.0
BFLY,665610000.0
BFRG,16469999.999999998
BFRI,7830000.0
BFS,1240000000.0
BFST,727870000.0
BG,9990000000.0
BGC,4410000000.0
BGFV,21780000.0
BGI,22400000.0
BGLC,5550000.0
BGM,995550000.0
BGS,585620000.0
BGSF,38800000.0
BH,653050000.0
BH.A,643070000.0
BHAT,12490000.0
BHB,468250000.0
BHC,2590000000.0
BHE,1470000000.0
BHF,3310000000.0
BHIL,4980000.0
BHLB,1190000000.0
BHM,156880000.0
BHP,128190000000.0
BHR,222800000.0
BHRB,882430000.0
BHST,102930000.0
BHVN,3030000000.0
BIAF,4550000.0
BIAFW,4550000.0
BIDU,35860000000.0
BIGC,474740000.0
BIIB,21010000000.0
BILI,9260000000.0
BILL,4750000000.0
BIO,8130000000.000001
BIO.B,8170000000.0
BIOA,155580000.0
BIOX,290350000.0
BIP,13510000000.0
BIPC,4200000000.0
BIRD,42630000.0
BIRK,8320000000.0
BITF,525890000.0
BIVI,20300000.0
BJ,14770000000.0
BJDX,2190000.0
BJRI,741070000.0
BK,59040000000.0
BKD,1230000000.0
BKE,1850000000.0
BKH,4390000000.0
BKHA,93850000.0
BKKT,175400000.0
BKNG,149750000000.0
BKR,43450000000.0
BKSY,287010000.0
BKTI,109960000.0
BKU,2570000000.0
BKV,1720000000.0
BKYI,3830000.0
BL,3090000000.0
BLBD,1120000000.0
BLBX,12570000.0
BLCO,5430000000.0
BLD,8750000000.0
BLDE,253430000.0
BLDP,400600000.0
BLDR,14560000000.0
BLFS,1220000000.0
BLFY,190580000.0
BLIN,15660000.0
BLK,148730000000.0
BLKB,3120000000.0
BLMN,694730000.0
BLMZ,3480000.0
BLND,929590000.0
BLNE,18600000.0
BLNK,106230000.0
BLRX,12220000.0
BLTE,2160000000.0
BLUE,38500000.0
BLX,1400000000.0
BLZE,298650000.0
BMA,6230000000.0
BMBL,760290000.0
BMEA,91320000.0
BMGL,74560000.0
BMI,5870000000.0
BMO,71430000000.0
BMR,40660000.0
BMRA,12840000.0
BMRC,356830000.0
BMRN,13650000000.0
BMY,121740000000.0
BN,78130000000.0
BNAI,14790000.0
BNED,332370000.0
BNGO,5900000.0
BNL,3380000000.0
BNR,59520000.0
BNRG,10040000.0
BNS,60730000000.0
BNT,8910000000.0
BNTC,359750000.0
BNTX,24200000000.0
BNZI,10130000.0
BOC,439970000.0
BODI,52000000.0
BOF,14920000.0
BOH,2730000000.0
BOKF,6620000000.0
BOLD,37460000.0
BOLT,15690000.0
BON,2560000.0
BOOM,168410000.0
BOOT,3180000000.0
BORR,558430000.0
BOSC,22870000.0
BOTJ,59610000.0
BOW,1190000000.0
BOWN,38220000.0
BOX,4460000000.0
BOXL,4870000.0
BP,89210000000.0
BPMC,5890000000.0
BPOP,6300000000.0
BPRN,208140000.0
BPT,13050000.0
BQ,1190000.0
BR,27090000000.0
BRAG,108170000.0
BRBR,8880000000.0
BRBS,285320000.0
BRC,3440000000.0
BRCC,451650000.0
BRDG,1290000000.0
BREA,8359999.999999999
BRFH,50280000.0
BRFS,5230000000.0
BRIA,80240000.0
BRID,91310000.0
BRK.A,1129290000000.0
BRK.B,1128550000000.0
BRKL,968570000.0
BRKR,7120000000.0
BRLS,124000000.0
BRLT,144870000.0
BRN,17390000.0
BRNS,41840000.0
BRO,34330000000.0
BROG,120390000.0
BROS,11030000000.0
BRSP,774220000.0
BRT,352570000.0
BRTX,11560000.0
BRX,7940000000.0
BRY,257899999.99999997
BRZE,3740000000.0
BSAC,11050000000.0
BSBK,97100000.0
BSBR,17450000000.0
BSET,136480000.0
BSGM,11790000.0
BSII,193740000.0
BSLK,11280000.0
BSM,3190000000.0
BSRR,392610000.0
BSS,13400000000.0
BST,1190000000.0
BSVN,366310000.0
BSX,145950000000.0
BSY,13400000000.0
BTAI,7070000.0
BTBD,8700000.0
BTBT,439670000.0
BTCM,30470000.0
BTCS,33140000.0
BTCT,22590000.0
BTDR,2020000000.0
BTE,1650000000.0
BTG,4260000000.0
BTI,91310000000.0
BTM,82450000.0
BTMD,146830000.0
BTOC,45840000.0
BTOG,2290000.0
BTSG,3050000000.0
BTTR,2880000.0
BTU,1620000000.0
BTX,1470000000.0
BUD,125320000000.0
BUJA,56230000.0
BUR,3010000000.0
BURL,14700000000.0
BURU,4480000.0
BUSE,1280000000.0
BV,1270000000.0
BVFL,171660000.0
BVN,3910000000.0
BVS,648340000.0
BW,89600000.0
BWA,6200000000.0
BWAY,190580000.0
BWB,384970000.0
BWEN,32140000.0
BWFG,227580000.0
BWIN,4770000000.0
BWLP,1690000000.0
BWMN,400690000.0
BWMX,451770000.0
BWXT,9150000000.0
BX,180460000000.0
BXC,673050000.0
BXMT,3620000000.0
BXP,12130000000.0
BXSL,7430000000.0
BY,1190000000.0
BYD,5810000000.0
BYFC,64610000.0
BYND,267980000.00000003
BYON,300800000.0
BYRN,437770000.0
BYSI,70530000.0
BZ,8910000000.0
BZAI,341340000.0
BZFD,86260000.0
BZH,661060000.0
BZUN,201450000.0
C,131800000000.00002
CAAP,3110000000.0
CAAS,137340000.0
CABA,87490000.0
CABO,1340000000.0
CAC,698710000.0
CACC,5860000000.0
CACI,8700000000.0
CADE,5560000000.0
CADL,417090000.0
CAE,7850000000.0
CAG,12440000000.0
CAH,31410000000.0
CAKE,2440000000.0
CAL,550510000.0
CALC,27640000.0
CALM,4500000000.0
CALX,2230000000.0
CAMP,108260000.0
CAMT,3000000000.0
CAN,339460000.0
CANF,15640000.0
CANG,446680000.0
CAPL,896310000.0
CAPN,79400000.0
CAPR,585650000.0
CAPS,15470000.0
CAPT,21170000.0
CAR,2080000000.0
CARA,23420000.0
CARE,385590000.0
CARG,3250000000.0
CARM,17290000.0
CARR,58430000000.0
CARS,738720000.0
CART,10760000000.0
CARV,6890000.0
CASH,1720000000.0
CASI,35010000.0
CASK,2740000.0
CASS,585230000.0
CASY,14840000000.0
CAT,163760000000.0
CATO,56760000.0
CATX,175730000.0
CATY,3090000000.0
CAVA,9080000000.0
CB,119020000000.0
CBAN,281200000.0
CBAT,76460000.0
CBFV,144540000.0
CBL,848720000.0
CBLL,734220000.0
CBNA,146660000.0
CBNK,471230000.0
CBOE,22600000000.0
CBRE,38040000000.0
CBRL,880300000.0
CBSH,8279999999.999999
CBT,4560000000.0
CBU,3010000000.0
CBUS,80700000.0
CBZ,3760000000.0
CC,2180000000.0
CCAP,647090000.0
CCB,1240000000.0
CCBG,606280000.0
CCCC,148370000.0
CCCS,6180000000.0
CCEC,1150000000.0
CCEL,52290000.0
CCEP,39060000000.0
CCG,77850000.0
CCI,44810000000.0
CCIR,363630000.0
CCIX,388990000.0
CCJ,18860000000.0
CCK,10480000000.0
CCL,27360000000.0
CCLD,67280000.0
CCM,20840000.0
CCNE,471160000.0
CCO,548870000.0
CCOI,3390000000.0
CCRD,154020000.0
CCRN,502690000.0
CCS,2140000000.0000002
CCSI,485800000.0
CCTG,19110000.0
CCU,2720000000.0
CDE,4110000000.0000005
CDIO,24140000.0
CDLR,1740000000.0
CDLX,123960000.0
CDNA,1070000000.0000001
CDNS,69930000000.0
CDP,3100000000.0
CDRE,1320000000.0
CDRO,322990000.0
CDT,4040000.0
CDTG,14830000.0
CDTX,243930000.0
CDW,22610000000.0
CDXC,618660000.0
CDXS,241880000.0
CDZI,264649999.99999997
CE,6340000000.0
CEAD,6350000.0
CECO,822260000.0
CEG,68370000000.00001
CELC,380580000.0
CELH,7040000000.0
CELU,33500000.0
CELZ,5610000.0
CENN,29760000.0
CENT,2400000000.0
CENTA,2180000000.0
CENX,1890000000.0
CEP,132479999.99999999
CEPO,258320000.0
CEPU,2160000000.0
CERO,1780000.0
CERS,269400000.0
CERT,1780000000.0
CET,1310000000.0
CETX,2980000.0
CETY,31610000.0
CEVA,729670000.0
CF,13170000000.0
CFBK,141810000.0
CFFI,237810000.0
CFFN,742640000.0
CFG,17860000000.0
CFLT,9090000000.0
CFR,8000000000.0
CFSB,48620000.0
CG,15610000000.0
CGAU,1260000000.0
CGBD,862700000.0
CGBS,123630000.0
CGC,183670000.0
CGEM,528370000.0
CGEN,152430000.0
CGNT,614160000.0
CGNX,5460000000.0
CGON,2109999999.9999998
CGTL,72460000.0
CGTX,18570000.0
CHAR,110620000.0
CHCI,64480000.00000001
CHCO,1730000000.0
CHCT,529659999.99999994
CHD,26890000000.0
CHDN,8210000000.000001
CHE,8900000000.0
CHEB,120700000.0
CHEF,2109999999.9999998
CHEK,4610000.0
CHGG,80930000.0
CHH,6140000000.0
CHKP,25340000000.0
CHMG,233700000.0
CHMI,116880000.0
CHNR,5620000.0
CHPT,319200000.0
CHR,21720000.0
CHRD,6420000000.0
CHRO,10130000.0
CHRS,106160000.0
CHRW,11990000000.0
CHSN,6660000.0
CHT,30350000000.0
CHTR,56100000000.0
CHWY,13510000000.0
CHX,5660000000.0
CI,86700000000.0
CIA,254030000.0
CIB,11050000000.0
CIEN,9340000000.0
CIFR,1130000000.0
CIG,6300000000.0
CIG.C,6300000000.0
CIGI,6320000000.0
CIM,1110000000.0
CINF,23040000000.0
CING,12220000.0
CINT,856560000.0
CIO,203000000.0
CION,582230000.0
CISO,10760000.0
CISS,3030000.0
CIVB,304640000.0
CIVI,3260000000.0
CIX,272980000.0
CJET,6210000.0
CJMB,25370000.0
CKPT,194840000.0
CKX,23820000.0
CL,73610000000.0
CLAR,154980000.0
CLB,697250000.0
CLBK,1600000000.0
CLBR,224830000.0
CLBT,4070000000.0000005
CLCO,308980000.0
CLDI,16790000.0
CLDT,382340000.0
CLDX,1350000000.0
CLEU,6260000.0
CLF,5020000000.0
CLFD,425500000.0
CLGN,36430000.0
CLH,10440000000.0
CLIK,21310000.0
CLIR,39180000.0
CLLS,93050000.0
CLMB,501060000.0
CLMT,1140000000.0
CLNE,413670000.0
CLNN,37970000.0
CLOV,1890000000.0
CLPR,168580000.0
CLPS,32740000.000000004
CLPT,375800000.0
CLRB,15670000.0
CLRC,54260000.0
CLRO,15100000.0
CLS,10640000000.0
CLSD,67500000.0
CLSK,2280000000.0
CLST,51690000.0
CLVT,2930000000.0
CLW,388850000.0
CLWT,10420000.0
CLX,18290000000.0
CLYM,94110000.0
CM,53760000000.0
CMA,7610000000.0
CMBM,21580000.0
CMBT,1880000000.0
CMC,5250000000.0
CMCL,211170000.0
CMCM,148220000.0
CMCO,523039999.99999994
CMCSA,135169999999.99998
CMCT,2910000.0
CME,94980000000.0
CMG,67290000000.00001
CMI,44840000000.0
CMLS,7750000.0
CMMB,28280000.0
CMND,4860000.0
CMP,485600000.0
CMPO,1140000000.0
CMPR,1120000000.0
CMPS,320650000.0
CMPX,324960000.0
CMRE,1230000000.0
CMRX,761760000.0
CMS,21890000000.0
CMT,120690000.0
CMTG,569990000.0
CMTL,61040000.0
CNA,13360000000.0
CNC,29390000000.0
CNCK,853450000.0
CNDT,498440000.0
CNET,3180000.0
CNEY,2120000.0
CNF,60010000.0
CNFR,8430000.0
CNH,16559999999.999998
CNI,61600000000.0
CNK,2990000000.0
CNL,664820000.0
CNM,9510000000.0
CNMD,1900000000.0
CNNE,1040000000.0
CNO,4170000000.0
CNOB,899970000.0
CNP,23200000000.0
CNQ,62600000000.0
CNR,3890000000.0
CNS,4030000000.0000005
CNSP,3520000.0
CNTA,2270000000.0
CNTB,45420000.0
CNTM,13500000.0
CNTX,75530000.0
CNTY,62900000.0
CNVS,60240000.0
CNX,4600000000.0
CNXC,2980000000.0
CNXN,1570000000.0
COCH,32580000.0
COCO,2009999999.9999998
COCP,16890000.0
CODA,74940000.0
CODI,1480000000.0
CODX,14430000.0
COE,122850000.0
COEP,24210000.0
COF,63010000000.0
COFS,257310000.0
COGT,816880000.0
COHN,45420000.0
COHR,10380000000.0
COHU,806220000.0
COIN,47970000000.0
COKE,11470000000.0
COLA,81370000.0
COLB,5190000000.0
COLD,6240000000.0
COLL,934180000.0
COLM,4400000000.0
COMM,1140000000.0
COMP,4660000000.0
CON,2700000000.0
COO,15980000000.0
COOK,235170000.0
COOP,6450000000.0
COOT,31820000.0
COP,126420000000.0
COR,50600000000.0
CORT,6110000000.0
CORZ,2580000000.0
COSM,10590000.0
COST,406680000000.0
COTY,4910000000.0
COUR,1120000000.0
COYA,114450000.0
CP,70280000000.0
CPA,3900000000.0
CPAC,492880000.0
CPAY,24400000000.0
CPB,11630000000.0
CPBI,62610000.0
CPF,734840000.0
CPHC,94130000.0
CPHI,5580000.0
CPIX,72220000.0
CPK,2930000000.0
CPNG,42470000000.0
CPOP,9860000.0
CPRI,2520000000.0
CPRT,51930000000.0
CPRX,2650000000.0
CPS,244480000.0
CPSH,22080000.0
CPSS,181200000.0
CPT,13020000000.0
CQP,31100000000.0
CR,8860000000.0
CRAI,1190000000.0
CRBG,18120000000.0
CRBP,85140000.0
CRBU,94860000.0
CRC,3920000000.0
CRCT,1160000000.0
CRD.A,535240000.0
CRD.B,526179999.99999994
CRDF,269420000.0
CRDL,96530000.0
CRDO,7980000000.0
CREG,16900000.0
CRESY,759830000.0
CREV,5230000.0
CREX,19850000.0
CRF,855280000.0
CRGO,111550000.0
CRGX,189280000.0
CRGY,2850000000.0
CRH,66030000000.0
CRI,1480000000.0
CRIS,24980000.0
CRK,5520000000.0
CRL,8950000000.0
CRM,269800000000.0
CRMD,635290000.0
CRML,175940000.0
CRMT,391700000.0
CRNC,445810000.0
CRNG,164780000.0
CRNT,224980000.0
CRNX,3280000000.0
CRON,720230000.0
CROX,5820000000.0
CRS,9190000000.0
CRSP,3670000000.0
CRSR,1080000000.0
CRT,65519999.99999999
CRTO,1920000000.0
CRUS,5330000000.0
CRVL,5450000000.0
CRVO,74700000.0
CRVS,303290000.0
CRWD,90430000000.0
CRWS,40220000.0
CSAN,2560000000.0
CSBR,139040000.0
CSCI,11700000.0
CSCO,242240000000.0
CSGP,32869999999.999996
CSGS,1680000000.0
CSIQ,658990000.0
CSL,15260000000.0
CSLR,109910000.0
CSPI,169450000.0
CSR,1130000000.0
CSTE,102980000.0
CSTL,571140000.0
CSTM,1760000000.0
CSV,593440000.0
CSWC,1100000000.0
CSWI,4910000000.0
CSX,57460000000.0
CTAS,78760000000.0
CTBI,932960000.0
CTEV,327690000.0
CTGO,130360000.00000001
CTHR,3100000.0
CTKB,558500000.0
CTLP,569670000.0
CTM,88430000.0
CTMX,50700000.0
CTNM,182650000.0
CTNT,3940000.0
CTO,594820000.0
CTOR,42070000.0
CTOS,1070000000.0000001
CTRA,21520000000.0
CTRE,5410000000.0
CTRI,1450000000.0
CTRM,25120000.0
CTRN,180920000.0
CTS,1290000000.0
CTSH,39580000000.0
CTSO,61790000.0
CTVA,42220000000.0
CTXR,13150000.0
CUB,314030000.0
CUBE,9640000000.0
CUBI,1600000000.0
CUE,60180000.0
CUK,27020000000.0
CULP,64680000.00000001
CURB,2480000000.0
CURI,162440000.0
CURR,119580000.0
CURV,569880000.0
CUZ,4920000000.0
CVAC,688640000.0
CVBF,2620000000.0
CVCO,4059999999.9999995
CVE,24800000000.0
CVEO,283180000.0
CVGI,50470000.0
CVGW,425040000.0
CVI,2080000000.0
CVKD,35420000.0
CVLG,613580000.0
CVLT,7060000000.0
CVM,21620000.0
CVNA,40210000000.0
CVR,13670000.0
CVRX,305920000.0
CVS,84030000000.0
CVU,45890000.0
CVV,21060000.0
CVX,279440000000.0
CW,12390000000.0
CWAN,6670000000.0
CWBC,342680000.0
CWCO,460800000.0
CWD,14830000.0
CWEN,3430000000.0
CWEN.A,5670000000.0
CWH,1750000000.0
CWK,2460000000.0
CWST,6930000000.0
CWT,2820000000.0
CX,8780000000.0
CXAI,16950000.0
CXDO,165170000.0
CXM,2200000000.0
CXT,3170000000.0
CXW,2190000000.0
CYBN,160920000.0
CYBR,17129999999.999998
CYCC,73910000.0
CYCN,6490000.0
CYCU,6440000.0
CYD,830280000.0
CYH,378700000.0
CYN,7870000.0
CYRX,323670000.0
CYTH,18990000.0
CYTK,5320000000.0
CZFS,274810000.0
CZNC,313500000.0
CZR,5950000000.0
CZWI,144750000.0
D,46620000000.0
DAC,1490000000.0
DADA,485840000.0
DAIO,22770000.0
DAKT,634140000.0
DAL,30090000000.0
DALN,36450000.0
DAN,2100000000.0
DAO,1050000000.0
DAR,4700000000.0
DARE,25060000.0
DASH,79760000000.0
DATS,10310000.0
DAVA,1320000000.0
DAVE,1140000000.0
DAWN,878740000.0
DAY,9050000000.0
DB,45480000000.0
DBD,1650000000.0
DBI,177810000.0
DBRG,1790000000.0
DBVT,97200000.0
DBX,7930000000.0
DC,290850000.0
DCBO,895190000.0
DCGO,291670000.0
DCI,8250000000.0
DCO,884360000.0
DCOM,1240000000.0
DCTH,440590000.0
DD,32479999999.999996
DDC,15510000.0
DDD,371600000.0
DDI,503460000.0
DDL,682390000.0
DDOG,35640000000.0
DDS,5730000000.0
DE,130919999999.99998
DEA,1290000000.0
DEC,772640000.0
DECA,40060000.0
DECK,17830000000.0
DEI,3250000000.0
DELL,68140000000.0
DENN,202320000.0
DEO,60040000000.0
DERM,110930000.0
DESP,1610000000.0
DEVS,9590000.0
DFH,2240000000.0
DFIN,1250000000.0
DFLI,8580000.0
DFS,38490000000.0
DG,17560000000.0
DGHI,51480000.0
DGICA,661100000.0
DGICB,643810000.0
DGII,1090000000.0
DGLY,5550000.0
DGNX,1490000000.0
DGX,19250000000.0
DH,406780000.0
DHAI,12480000.0
DHC,646610000.0
DHI,40040000000.0
DHIL,407750000.0
DHR,151950000000.0
DHT,1710000000.0
DHX,80010000.0
DIBS,104790000.0
DIN,372500000.0
DINO,6310000000.0
DIOD,2170000000.0
DIS,179620000000.0
DIST,35550000.0
DIT,81900000.0
DJCO,543850000.0
DJT,4520000000.0
DK,1000000000.0
DKL,2290000000.0
DKNG,18980000000.0
DKS,16120000000.000002
DLB,7920000000.0
DLHC,66610000.0
DLNG,145290000.0
DLO,2690000000.0
DLPN,11500000.0
DLR,52050000000.0
DLTH,77390000.0
DLTR,14150000000.0
DLX,717270000.0
DM,91690000.0
DMAA,334570000.0
DMAC,256140000.0
DMLP,1410000000.0
DMN,3300000.0
DMRC,317620000.0
DMYY,43890000.0
DNA,422420000.0
DNB,3650000000.0
DNLI,2240000000.0
DNN,1300000000.0
DNOW,1600000000.0
DNP,3580000000.0
DNTH,705790000.0
DNUT,920020000.0
DOC,14640000000.0
DOCN,3390000000.0
DOCS,11710000000.0
DOCU,16850000000.000002
DOGZ,372370000.0
DOLE,1370000000.0
DOMH,50040000.0
DOMO,333590000.0
DOOO,2870000000.0
DORM,3880000000.0
DOUG,169420000.0
DOV,25110000000.0
DOW,26470000000.0
DOX,9970000000.0
DOYU,295790000.0
DPRO,15770000.0
DPZ,15420000000.0
DQ,1290000000.0
DRCT,12210000.0
DRD,1160000000.0
DRDB,306360000.0
DRH,1680000000.0
DRI,21980000000.0
DRIO,28510000.0
DRMA,4650000.0
DRRX,24830000.0
DRS,8780000000.0
DRTS,187210000.0
DRUG,254350000.0
DRVN,2860000000.0
DSGN,279840000.0
DSGR,1380000000.0
DSGX,8580000000.0
DSL,1410000000.0
DSP,765080000.0
DSS,6220000.0
DSWL,37930000.0
DSX,194880000.0
DSY,73630000.0
DT,15080000000.0
DTC,21220000.0
DTCK,22790000.0
DTE,28140000000.0
DTI,99300000.0
DTIL,38740000.0
DTM,9810000000.0
DTSQ,90880000.0
DTSS,16100000.000000002
DTST,25110000.0
DUK,93800000000.0
DUO,12740000.0
DUOL,13310000000.0
DUOT,54410000.0
DV,2410000000.0
DVA,11940000000.0
DVAX,1690000000.0
DVLT,44750000.0
DVN,22770000000.0
DWSN,43070000.0
DWTX,8109999.999999999
DX,1300000000.0
DXC,3150000000.0
DXCM,27880000000.0
DXF,1860000.0
DXLG,103730000.0
DXPE,1320000000.0
DXR,39330000.0
DXST,16739999.999999998
DY,4560000000.0
DYAI,41430000.0
DYCQ,95280000.0
DYN,1390000000.0
DYNX,213520000.0
E,47160000000.0
EA,37240000000.0
EAF,280420000.0
EARN,173170000.0
EAT,6290000000.0
EB,215760000.0
EBAY,31430000000.0
EBC,3290000000.0
EBF,551470000.0
EBMT,135100000.0
EBON,28760000.0
EBR,16180000000.0
EBS,314610000.0
EBTC,489330000.0
EC,21420000000.0
ECBK,137170000.0
ECC,899710000.0
ECDA,28600000.0
ECG,1990000000.0
ECL,71280000000.0
ECO,727140000.0
ECOR,54980000.0
ECPG,801480000.0
ECVT,785190000.0
ECX,905860000.0
ED,37310000000.0
EDAP,84970000.0
EDBL,3170000.0
EDIT,117000000.0
EDN,1700000000.0
EDR,13530000000.0
EDRY,30470000.0
EDSA,16920000.0
EDTK,16360000.0
EDU,8320000000.0
EDUC,10990000.0
EE,3010000000.0
EEFT,4600000000.0
EEIQ,9440000.0
EEX,866200000.0
EFC,1230000000.0
EFOI,11570000.0
EFSC,2089999999.9999998
EFSH,3510000.0
EFSI,173370000.0
EFX,29800000000.0
EFXT,926250000.0
EG,15670000000.0
EGAN,138400000.0
EGBN,655730000.0
EGHT,292360000.0
EGO,3170000000.0
EGP,9430000000.0
EGY,421200000.0
EH,1600000000.0
EHAB,454820000.0
EHC,9840000000.0
EHGO,26230000.0
EHTH,229960000.0
EIC,320960000.0
EIG,1230000000.0
EIX,22700000000.0
EJH,8690000.0
EKSO,10700000.0
EL,24780000000.0
ELA,139340000.0
ELAB,2450000.0
ELAN,5260000000.0
ELBM,20720000.0
ELDN,216850000.0
ELEV,31150000.0
ELF,3730000000.0
ELLO,201790000.0
ELMD,212040000.0
ELME,1540000000.0
ELP,5230000000.0
ELPC,5230000000.0
ELPW,44640000.0
ELS,13670000000.0
ELSE,15290000.0
ELTK,57940000.0
ELTX,125190000.0
ELUT,130360000.00000001
ELV,97900000000.0
ELVA,103820000.0
ELVN,1030000000.0
ELWS,5500000.0
EM,291750000.0
EMBC,792370000.0
EMCG,54100000.0
EME,17970000000.0
EML,164800000.0
EMN,10490000000.0
EMR,64050000000.0
EMX,203330000.0
ENB,94780000000.0
ENFN,1430000000.0
ENFY,15600000.0
ENGN,261510000.0
ENGNW,261510000.0
ENIC,4700000000.0
ENLT,2069999999.9999998
ENLV,25290000.0
ENOV,2230000000.0
ENPH,8449999999.999999
ENR,2200000000.0
ENS,3830000000.0
ENSC,5480000.0
ENSG,7400000000.0
ENTA,130130000.0
ENTG,15230000000.0
ENTO,2530000.0
ENTX,71820000.0
ENVA,2400000000.0
ENVB,3340000.0
ENVX,1560000000.0
ENZ,24560000.0
EOG,68450000000.0
EOLS,864140000.0
EONR,4780000.0
EOSE,942650000.0
EP,209190000.0
EPAC,2380000000.0
EPAM,10590000000.0
EPC,1460000000.0
EPD,73460000000.0
EPIX,71020000.0
EPM,166190000.0
EPOW,23790000.0
EPR,3950000000.0
EPRT,6000000000.0
EPRX,145860000.0
EPSN,158470000.0
EPWK,105370000.0
EQ,27280000.0
EQBK,698770000.0
EQC,173190000.0
EQH,16090000000.0
EQIX,83440000000.0
EQNR,67269999999.99999
EQR,27430000000.0
EQS,14670000.0
EQT,30860000000.0
EQV,447510000.0
EQX,3180000000.0
ERAS,412780000.0
ERIC,27510000000.0
ERIE,22240000000.0
ERII,868290000.0
ERJ,10000000000.0
ERNA,14080000.0
ERO,1370000000.0
ES,22560000000.0
ESAB,7370000000.0
ESBA,2200000000.0
ESCA,205080000.0
ESE,4120000000.0
ESEA,237010000.0
ESGL,74730000.0
ESGR,4760000000.0
ESHA,157920000.0
ESI,6440000000.0
ESLA,34620000.0
ESLT,16260000000.000002
ESNT,5700000000.0
ESOA,161200000.0
ESP,68800000.0
ESPR,304690000.0
ESQ,560440000.0
ESRT,2250000000.0
ESS,20020000000.0
ESSA,191480000.0
ESTA,1130000000.0
ESTC,9950000000.0
ET,64849999999.99999
ETD,687630000.0
ETN,116780000000.0
ETNB,1270000000.0
ETON,395040000.0
ETR,36780000000.0
ETSY,4960000000.0
ETWO,757890000.0
EU,290720000.0
EUDA,144050000.0
EUDAW,144050000.0
EURK,78520000.0
EVAX,11720000.0
EVBN,216290000.0
EVC,178310000.0
EVCM,1830000000.0
EVER,1000000000.0
EVEX,937580000.0
EVGN,9470000.0
EVGO,790310000.0
EVH,1150000000.0
EVI,232660000.0
EVLV,501010000.0
EVO,1250000000.0
EVOK,7210000.0
EVR,8460000000.000001
EVRG,15560000000.0
EVRI,1170000000.0
EVT,1740000000.0
EVTC,2350000000.0
EVTL,343280000.0
EVTV,4160000.0
EW,41520000000.0
EWBC,12290000000.0
EWCZ,233560000.0
EWTX,2520000000.0
EXAS,8390000000.000001
EXC,44620000000.0
EXE,24570000000.0
EXEL,10360000000.0
EXFY,306230000.0
EXK,1260000000.0
EXLS,7560000000.0
EXOD,925170000.0
EXOZ,135310000.0
EXP,7210000000.0
EXPD,16140000000.0
EXPE,21440000000.0
EXPI,1500000000.0
EXPO,4219999999.9999995
EXR,32460000000.0
EXTR,1960000000.0
EYE,950130000.0
EYEN,3580000.0
EYPT,455670000.0
EZGO,2290000.0
EZPW,758700000.0
F,39320000000.0
FA,2330000000.0
FAAS,29630000.0
FACT,243210000.0
FAF,6670000000.0
FAMI,2360000.0
FANG,44290000000.0
FARM,48690000.0
FARO,550280000.0
FAST,43620000000.0
FAT,58180000.0
FATBB,59210000.0
FATE,111160000.0
FBGL,10670000.0
FBIN,7800000000.0
FBIO,48310000.0
FBIZ,394720000.0
FBK,2180000000.0
FBLA,223770000.0
FBLG,37140000.0
FBMS,1090000000.0
FBNC,1670000000.0
FBP,2980000000.0
FBRT,1090000000.0
FBRX,35290000.0
FBYD,1130000000.0
FC,396530000.0
FCAP,128080000.00000001
FCBC,709430000.0
FCCO,171390000.0
FCEL,129400000.0
FCF,1620000000.0
FCFS,5240000000.0
FCN,5780000000.0
FCNCA,24940000000.0
FCNCO,24740000000.0
FCPT,2830000000.0
FCUV,32270000.000000004
FCX,56780000000.0
FDBC,242930000.0
FDMT,193540000.0
FDP,1450000000.0
FDS,16719999999.999998
FDSB,68440000.0
FDUS,717630000.0
FDX,59080000000.0
FE,22970000000.0
FEAM,11140000.0
FEBO,13700000.0
FEDU,19640000.0
FEIM,150520000.0
FELE,4580000000.0
FEMY,36640000.0
FENC,172490000.0
FENG,27430000.0
FER,31480000000.0
FERA,273480000.0
FERG,32299999999.999996
FET,240440000.0
FF,183370000.0
FFAI,91910000.0
FFBC,2380000000.0
FFIC,441120000.0
FFIN,5080000000.0
FFIV,15420000000.0
FFNW,208420000.0
FFWM,406060000.0
FG,5410000000.0
FGBI,85780000.0
FGEN,44840000.0
FGF,23920000.0
FGI,7570000.0
FGL,22620000.0
FGMC,79390000.0
FHB,3110000000.0
FHI,3070000000.0
FHN,9840000000.0
FHTX,255820000.0
FI,122450000000.0
FIBK,3050000000.0
FICO,45070000000.0
FIGS,732970000.0
FIHL,1740000000.0
FINV,2370000000.0
FINW,233980000.0
FIP,600470000.0
FIS,38280000000.0
FISI,518610000.0
FITB,25950000000.0
FIVE,4090000000.0
FIVN,2290000000.0
FIX,12290000000.0
FIZZ,3830000000.0
FKWL,69880000.0
FL,1560000000.0
FLD,319280000.0
FLEX,13500000000.0
FLG,4970000000.0
FLGC,12920000.0
FLGT,535510000.0
FLIC,273890000.0
FLL,144220000.0
FLNC,982180000.0
FLNG,1210000000.0
FLNT,41850000.0
FLO,3960000000.0
FLOC,2200000000.0
FLR,6300000000.0
FLS,6630000000.0
FLUT,42490000000.0
FLUX,30360000.0
FLWS,351710000.0
FLX,546190000.0
FLXS,203400000.0
FLYE,11830000.0
FLYW,1290000000.0
FLYX,241420000.0
FMAO,319870000.0
FMBH,851130000.0
FMC,5360000000.0
FMNB,495010000.0
FMS,14120000000.0
FMST,7600000.0
FMTO,1920000.0
FMX,32009999999.999996
FN,7930000000.0
FNA,1090000000.0
FNB,4900000000.0
FND,9220000000.0
FNF,17850000000.0
FNGR,79430000.0
FNKO,392110000.0
FNLC,277660000.0
FNV,29690000000.0
FNWB,88850000.0
FNWD,126610000.0
FOA,221540000.0
FOLD,2740000000.0
FONR,88510000.0
FOR,1110000000.0
FORA,63580000.0
FORD,3940000.0
FORL,45920000.0
FORM,2530000000.0
FORR,193610000.0
FORTY,1520000000.0
FOSL,76160000.0
FOUR,7770000000.0
FOX,22890000000.0
FOXA,23790000000.0
FOXF,1030000000.0
FOXO,3820000.0
FOXX,35240000.0
FPAY,31550000.0
FPH,801690000.0
FPI,516809999.99999994
FR,7560000000.0
FRAF,158930000.0
FRBA,372250000.0
FRD,113620000.0
FRGE,108560000.0
FRGT,7280000.0
FRHC,8050000000.000001
FRME,2380000000.0
FRO,3540000000.0
FROG,3880000000.0
FRPH,529880000.0
FRPT,4350000000.0
FRSH,4590000000.0
FRST,249950000.0
FRSX,12950000.0
FRT,8449999999.999999
FSBC,598710000.0
FSBW,281830000.0
FSEA,48510000.0
FSFG,173510000.0
FSHP,91290000.0
FSI,70420000.0
FSK,5960000000.0
FSLR,14240000000.0
FSLY,1030000000.0
FSM,1760000000.0
FSP,187460000.0
FSS,4790000000.0
FSTR,219460000.0
FSUN,1080000000.0
FSV,7660000000.0
FTAI,10970000000.0
FTCI,35220000.0
FTDR,2830000000.0
FTEK,29790000.0
FTEL,11670000.0
FTFT,3940000.0
FTHM,20150000.0
FTI,11890000000.0
FTK,303020000.0
FTLF,126000000.0
FTNT,74340000000.0
FTRE,900200000.0
FTS,22600000000.0
FTV,25430000000.0
FUBO,1100000000.0
FUFU,750980000.0
FUL,2920000000.0
FULC,168420000.0
FULT,3320000000.0
FUN,3890000000.0
FUNC,196790000.0
FURY,59380000.0
FUSB,76330000.0
FUTU,16149999999.999998
FVCB,184590000.0
FVN,76650000.0
FVR,407330000.0
FVRR,949080000.0
FWONA,21600000000.0
FWONK,21800000000.0
FWRD,602660000.0
FWRG,985160000.0
FXNC,201560000.0
FYBR,8930000000.0
G,8850000000.0
GABC,1450000000.0
GAIA,103760000.0
GAIN,496570000.0
GALT,101050000.0
GAMB,433580000.0
GAME,25750000.0
GAN,82430000.0
GANX,63660000.0
GAP,7580000000.0
GASS,207960000.0
GATE,127750000.0
GATX,5530000000.0
GAU,363470000.0
GAUZ,180840000.0
GB,1760000000.0
GBBK,61450000.0
GBCI,5100000000.0
GBDC,3970000000.0
GBIO,35510000.0
GBLI,508730000.0
GBR,4460000.0
GBTG,3500000000.0
GBX,1740000000.0
GCBC,401320000.0
GCI,439650000.0
GCL,284990000.0
GCMG,2460000000.0
GCO,243980000.0
GCT,596990000.0
GCTK,3870000.0
GCTS,93560000.0
GD,71580000000.0
GDC,22450000.0
GDDY,25460000000.0
GDEN,722690000.0
GDEV,270300000.0
GDHG,39740000.0
GDOT,403470000.0
GDRX,1710000000.0
GDS,6890000000.0
GDST,39520000.0
GDTC,30580000.0
GDYN,1450000000.0
GE,216840000000.0
GECC,117180000.0
GEF,2670000000.0
GEF.B,2710000000.0
GEG,56680000.0
GEHC,37710000000.0
GEL,1760000000.0
GELS,11510000.0
GEN,17160000000.0
GENC,190700000.0
GENI,2210000000.0
GENK,198490000.0
GEO,3590000000.0
GEOS,94420000.0
GERN,1110000000.0
GES,649390000.0
GETY,887020000.0
GEV,91590000000.0
GEVO,328280000.0
GFAI,20040000.0
GFF,3360000000.0
GFI,18310000000.0
GFL,18210000000.0
GFR,352900000.0
GFS,21410000000.0
GGAL,11010000000.0
GGB,5970000000.0
GGG,14300000000.0
GGR,100140000.0
GH,5290000000.0
GHC,4070000000.0000005
GHG,269090000.0
GHI,303080000.0
GHLD,796080000.0
GHM,351180000.0
GHRS,660600000.0
GIB,23370000000.0
GIC,864300000.0
GIFI,100040000.0
GIFT,51560000.0
GIG,337330000.0
GIGM,17570000.0
GIII,1190000000.0
GIL,7110000000.0
GILD,139800000000.0
GILT,408810000.0
GIPR,8680000.0
GIS,33650000000.0
GITS,4830000.0
GKOS,5840000000.0
GL,10700000000.0
GLAC,97110000.0
GLAD,607600000.0
GLBE,6190000000.0
GLBS,25930000.0
GLBZ,14740000.0
GLDD,585360000.0
GLDG,170050000.0
GLE,34950000.0
GLMD,3770000.0
GLNG,3660000000.0
GLOB,5990000000.0
GLP,1860000000.0
GLPG,1720000000.0
GLPI,14310000000.0
GLRE,464890000.0
GLSI,160500000.0
GLTO,5370000.0
GLUE,413470000.0
GLW,40140000000.0
GLXG,16540000.0
GLYC,17420000.0
GM,48760000000.0
GMAB,13020000000.0
GME,10500000000.0
GMED,9920000000.0
GMGI,433340000.0
GMHS,74460000.0
GMM,76040000.0
GMRE,608220000.0
GMS,2810000000.0
GNE,393800000.0
GNFT,181320000.0
GNK,593050000.0
GNL,1880000000.0
GNLN,4290000.0
GNLX,127210000.0
GNPX,3400000.0
GNRC,7900000000.0
GNS,20160000.0
GNSS,106040000.0
GNTA,71240000.0
GNTX,5480000000.0
GNTY,455130000.0
GNW,2850000000.0
GO,1260000000.0
GOCO,312230000.0
GOGL,1560000000.0
GOGO,849840000.0
GOLD,33170000000.0
GOLF,3950000000.0
GOOD,665690000.0
GOOG,2015230000000.0
GOOGL,2002700000000.0
GOOS,825950000.0
GORO,53160000.0
GORV,80170000.0
GOSS,315840000.0
GOTU,1010000000.0
GOVX,14150000.0
GP,16620000.000000002
GPAT,369080000.0
GPC,17140000000.0
GPCR,1250000000.0
GPI,5090000000.0
GPK,7860000000.0
GPMT,140200000.0
GPN,23690000000.0
GPOR,3190000000.0
GPRE,362480000.0
GPRK,422340000.0
GPRO,116540000.0
GPUS,2660000.0
GRAB,18110000000.0
GRAF,292680000.0
GRAL,987370000.0
GRBK,2580000000.0
GRC,987470000.0
GRCE,23220000.0
GRDN,1300000000.0
GREE,10180000.0
GRFS,6440000000.0
GRFX,6040000.0
GRI,2950000.0
GRMN,40870000000.0
GRND,3530000000.0
GRNQ,6850000.0
GRNT,777030000.0
GRO,102360000.0
GROV,64140000.0
GROW,30040000.0
GROY,264130000.0
GRPN,636180000.0
GRRR,544340000.0
GRVY,396230000.0
GRWG,63620000.0
GRYP,11190000.0
GS,179640000000.0
GSAT,2730000000.0
GSBC,660270000.0
GSBD,1430000000.0
GSHD,4330000000.0
GSIT,68610000.0
GSIW,7080000.0
GSK,81320000000.0
GSL,812810000.0
GSM,759060000.0
GSRT,291730000.0
GSUN,5800000.0
GT,2620000000.0
GTBP,5360000.0
GTE,184470000.0
GTEC,17810000.0
GTES,4990000000.0
GTI,15480000.0
GTIM,26070000.0
GTLB,8510000000.0
GTLS,6820000000.0
GTN,454790000.0
GTN.A,473680000.0
GTX,1850000000.0
GTY,1700000000.0
GURE,7290000.0
GUTS,62130000.0
GV,22890000.0
GVA,3200000000.0
GVH,9930000.0
GWAV,19940000.0
GWH,42420000.0
GWRE,16059999999.999998
GWRS,270600000.0
GWW,47130000000.0
GXAI,7080000.0
GXO,4930000000.0
GYRE,1050000000.0
GYRO,18450000.0
H,12160000000.0
HAE,3260000000.0
HAFC,662510000.0
HAFN,2190000000.0
HAIN,362790000.0
HAL,21890000000.0
HALO,7750000000.0
HAS,8400000000.0
HASI,3570000000.0
HAYW,3080000000.0
HBAN,21660000000.0
HBB,266649999.99999997
HBCP,361960000.0
HBI,2089999999.9999998
HBIO,30850000.0
HBM,3180000000.0
HBNC,686630000.0
HBT,731860000.0
HCA,81570000000.0
HCAI,317520000.0
HCAT,312440000.0
HCC,2540000000.0
HCI,1500000000.0
HCKT,787050000.0
HCM,2560000000.0
HCSG,808370000.0
HCTI,2260000.0
HCVI,158120000.0
HCWB,15100000.0
HD,351780000000.0
HDB,150970000000.0
HDL,1700000000.0
HDSN,265470000.00000003
HE,1920000000.0
HEES,3390000000.0
HEI,36160000000.0
HEI.A,31620000000.0
HELE,1220000000.0
HEPA,221950.0
HEPS,1060000000.0
HES,46200000000.0
HESM,9960000000.0
HFBL,37280000.0
HFFG,128680000.0
HFRO,344770000.0
HFWA,808980000.0
HG,2060000000.0
HGBL,81280000.0
HGTY,3170000000.0
HGV,3510000000.0
HHH,3730000000.0
HHS,31780000.0
HI,1830000000.0
HIFS,516020000.0
HIG,34380000000.0
HIHO,8010000.0
HII,8130000000.000001
HIMS,7710000000.0
HIMX,1610000000.0
HIPO,698270000.0
HIT,44820000.0
HITI,195350000.0
HIVE,270840000.0
HIW,3230000000.0
HKD,744840000.0
HKIT,36880000.0
HKPD,11990000.0
HL,3660000000.0
HLF,855110000.0
HLI,11310000000.0
HLIO,1190000000.0
HLIT,1230000000.0
HLLY,291220000.0
HLMN,1810000000.0
HLN,46130000000.0
HLNE,8130000000.000001
HLP,101350000.0
HLT,56460000000.0
HLVX,85370000.0
HLX,1230000000.0
HLXB,252720000.0
HMC,45050000000.0
HMN,1710000000.0
HMR,153230000.0
HMST,170670000.0
HMY,7600000000.0
HNI,2049999999.9999998
HNNA,83290000.0
HNRG,489240000.0
HNST,560890000.0
HNVR,169490000.0
HOFT,121650000.0
HOFV,5680000.0
HOG,3200000000.0
HOLO,17360000.0
HOLX,13870000000.0
HOMB,5670000000.0
HON,136509999999.99998
HOND,291530000.0
HONE,466290000.0
HOOD,37210000000.0
HOOK,14930000.0
HOPE,1270000000.0
HOTH,8080000.0
HOUR,61850000.0
HOUS,396090000.0
HOV,650230000.0
HOVR,16399999.999999998
HOWL,52450000.0
HP,2520000000.0
HPAI,208090000.0
HPE,20810000000.0
HPH,38990000.0
HPK,1550000000.0
HPP,439230000.0
HPQ,27250000000.0
HQI,188720000.0
HQY,8730000000.0
HR,5940000000.0
HRB,6980000000.0
HRI,3650000000.0
HRL,16480000000.0
HRMY,1970000000.0
HROW,830540000.0
HRTG,530850000.0
HRTX,364070000.0
HRZN,372910000.0
HSAI,2840000000.0
HSBC,202510000000.0
HSCS,2940000.0
HSDT,1490000.0
HSHP,254960000.0
HSIC,8920000000.0
HSII,870480000.0
HSON,29870000.0
HSPO,91330000.0
HSPT,82140000.0
HST,10840000000.0
HSTM,944680000.0
HSY,34510000000.0
HTB,586880000.0
HTBK,592310000.0
HTCO,203290000.0
HTCR,20930000.0
HTGC,3220000000.0
HTH,2009999999.9999998
HTHT,11960000000.0
HTLD,748580000.0
HTLM,59480000.0
HTOO,5530000.0
HTZ,1160000000.0
HUBB,18460000000.0
HUBC,18020000.0
HUBG,2350000000.0
HUBS,31970000000.0
HUDI,20990000.0
HUHU,90620000.0
HUIZ,32439999.999999996
HUM,31910000000.0
HUMA,387290000.0
HUN,3050000000.0
HURA,102420000.0
HURC,103290000.0
HURN,2440000000.0
HUSA,17880000.0
HUT,1340000000.0
HUYA,1030000000.0
HVII,255940000.0
HVT,349620000.0
HVT.A,349660000.0
HWBK,199890000.0
HWC,4430000000.0
HWH,10170000.0
HWKN,2240000000.0
HWM,52360000000.0
HXL,4650000000.0
HY,795490000.0
HYAC,322070000.0
HYFM,14300000.0
HYLN,293700000.0
HYMC,73950000.0
HYPR,99150000.0
HZO,529309999.99999994
IAC,3920000000.0
IAG,3470000000.0
IART,1790000000.0
IAS,1500000000.0
IAUX,322490000.0
IBAC,162060000.0
IBCP,650160000.0
IBEX,333890000.0
IBG,3910000.0
IBIO,47780000.0
IBKR,19000000000.0
IBM,234570000000.0
IBN,103420000000.0
IBO,7020000.0
IBOC,3890000000.0
IBP,4720000000.0
IBRX,2480000000.0
IBTA,1240000000.0
ICAD,61410000.0
ICCC,44290000.0
ICCM,85980000.0
ICCT,789230.0
ICE,99300000000.0
ICFI,1600000000.0
ICG,227930000.0
ICHR,930330000.0
ICL,8170000000.0
ICLR,15000000000.0
ICMB,46240000.0
ICON,3120000.0
ICU,15530000.0
ICUI,3660000000.0
IDA,6260000000.0
IDAI,3620000.0
IDCC,5640000000.0
IDN,48220000.0
IDR,177460000.0
IDT,1230000000.0
IDXX,34350000000.0
IDYA,1670000000.0
IE,843120000.0
IEP,5040000000.0
IESC,3730000000.0
IEX,13990000000.0
IFBD,3260000.0
IFF,20980000000.0
IFRX,71840000.0
IFS,3820000000.0
IGC,25500000.0
IGIC,1140000000.0
IGMS,73520000.0
IGT,3510000000.0
IH,162930000.0
IHG,17510000000.0
IHRT,243550000.0
IHS,1300000000.0
IHT,30950000.0
III,168890000.0
IIIN,533760000.0
IIIV,794280000.0
IINN,18190000.0
IIPR,1820000000.0
IKNA,63220000.0
IKT,163700000.0
ILAG,8000000.0
ILLR,135970000.0
ILMN,13570000000.0
ILPT,237460000.0
IMAB,69220000.0
IMAX,1320000000.0
IMCC,5290000.0
IMCR,1500000000.0
IMG,4900000.0
IMKT.A,1190000000.0
IMKTA,1190000000.0
IMMP,273900000.0
IMMR,253660000.0
IMMX,47590000.0
IMNM,739220000.0
IMNN,12910000.0
IMO,35170000000.0
IMOS,684850000.0
IMPP,75830000.0
IMRN,10580000.0
IMRX,52160000.0
IMTE,3570000.0
IMTX,594390000.0
IMUX,102690000.0
IMVT,3400000000.0
IMXI,400620000.0
INAB,18360000.0
INBK,236650000.0
INBS,11090000.0
INBX,201790000.0
INCR,75420000.0
INCY,12000000000.0
INDB,2730000000.0
INDI,519150000.0
INDO,30010000.0
INDP,11720000.0
INDV,1220000000.0
INFA,5570000000.0
INFU,120800000.0
INFY,76910000000.0
ING,61950000000.0
INGM,4520000000.0
INGN,198970000.0
INGR,8550000000.000001
INHD,19410000.0
INKT,33770000.0
INLF,25230000.0
INLX,47720000.0
INM,3310000.0
INMB,170060000.0
INMD,1280000000.0
INN,726630000.0
INNV,443600000.0
INO,76170000.0
INOD,1440000000.0
INR,1050000000.0
INSE,243720000.0
INSG,146160000.0
INSM,14080000000.0
INSP,4940000000.0
INSW,1700000000.0
INTA,4770000000.0
INTC,111240000000.0
INTG,26620000.0
INTJ,9290000.0
INTR,2640000000.0
INTS,33830000.0
INTT,94120000.0
INTU,168330000000.0
INTZ,29790000.0
INUV,64260000.00000001
INV,380530000.0
INVA,1100000000.0
INVE,76430000.0
INVH,20780000000.0
INVX,1270000000.0
INVZ,134100000.0
INZY,65530000.0
IOBT,60540000.0
IONQ,5560000000.0
IONR,240420000.0
IONS,5450000000.0
IOR,70550000.0
IOSP,2480000000.0
IOT,21860000000.0
IOVA,1230000000.0
IP,27140000000.0
IPA,19630000.0
IPAR,4010000000.0
IPDN,5090000.0
IPG,9770000000.0
IPGP,2690000000.0
IPHA,172790000.0
IPI,358870000.0
IPM,18290000.0
IPSC,53140000.0
IPW,17170000.0
IPWR,38700000.0
IPX,674930000.0
IQ,2390000000.0
IQV,32549999999.999996
IR,33439999999.999996
IRBT,115470000.0
IRD,29670000.0
IRDM,3010000000.0
IREN,1610000000.0
IRIX,17800000.0
IRM,26190000000.0
IRMD,662460000.0
IROH,93100000.0
IRON,1770000000.0
IROQ,78500000.0
IRS,1150000000.0
IRT,4960000000.0
IRTC,3260000000.0
IRWD,246440000.0
ISPC,1390000.0
ISPO,46820000.0
ISPR,182120000.0
ISRG,174330000000.0
ISRL,146850000.0
ISSC,120890000.0
ISTR,168120000.0
IT,35470000000.0
ITCI,13980000000.0
ITGR,4010000000.0
ITIC,462940000.0
ITOS,281110000.0
ITP,3420000.0
ITRG,214740000.0
ITRI,4810000000.0
ITRM,48410000.0
ITRN,745810000.0
ITT,11160000000.0
ITUB,57080000000.0
ITW,75170000000.0
IVA,288300000.0
IVAC,109620000.0
IVCA,95330000.0
IVDA,6410000.0
IVP,2660000.0
IVR,533340000.00000006
IVT,2250000000.0
IVVD,91390000.0
IVZ,6910000000.0
IX,24320000000.0
IXHL,13220000.0
IZEA,37500000.0
IZM,19360000.0
J,15040000000.0
JACK,606290000.0
JACS,297080000.0
JAGX,6140000.0
JAKK,278660000.0
JAMF,1740000000.0
JANX,1860000000.0
JAZZ,8520000000.0
JBDI,11380000.0
JBGS,1450000000.0
JBHT,14950000000.0
JBI,1150000000.0
JBL,15150000000.0
JBLU,2000000000.0
JBSS,830260000.0
JBTM,6530000000.0
JCI,53810000000.0
JCSE,5730000.0
JCTC,14670000.0
JD,65620000000.00001
JDZG,14330000.0
JEF,11880000000.0
JELD,526070000.00000006
JFB,33350000.0
JFBR,927980.0
JFIN,670860000.0
JFU,17070000.0
JG,58480000.0
JHG,5930000000.0
JHX,13960000000.0
JILL,289470000.0
JJSF,2600000000.0
JKHY,12920000000.0
JKS,1240000000.0
JL,14790000.0
JLL,12010000000.0
JMIA,301260000.0
JMSB,247200000.0
JNJ,392420000000.0
JNPR,12030000000.0
JNVR,5900000.0
JOB,22980000.0
JOBY,5070000000.0
JOE,2700000000.0
JOUT,257550000.0
JPM,654090000000.0
JRSH,43650000.0
JRVR,183030000.0
JSPR,84870000.0
JTAI,10180000.0
JUNE,84550000.0
JUNS,21320000.0
JVA,27630000.0
JVSA,82170000.0
JWEL,5250000.0
JWN,4000000000.0
JXG,3380000.0
JXN,6060000000.0
JYD,373490000.0
JYNT,165120000.0
JZ,16940000.0
JZXN,54430000.0
K,28440000000.0
KAI,4170000000.0
KALA,42650000.0
KALU,1120000000.0
KALV,620950000.0
KAPA,13020000.0
KAR,2250000000.0
KARO,1280000000.0
KAVL,7250000.0
KB,20760000000.0
KBDC,1190000000.0
KBH,4370000000.0
KBR,6760000000.0
KBSX,81990000.0
KC,4150000000.0000005
KD,8270000000.0
KDLY,9380000.0
KDP,45910000000.0
KE,419640000.0
KELYA,457030000.0
KELYB,458020000.0
KEN,1830000000.0
KEP,9670000000.0
KEQU,145720000.0
KEX,5720000000.0
KEY,17460000000.0
KEYS,26650000000.0
KFFB,23130000.0
KFII,390650000.0
KFRC,916780000.0
KFS,209550000.0
KFY,3480000000.0
KGC,14770000000.0
KGEI,290870000.0
KGS,3360000000.0
KHC,36640000000.0
KIDS,606190000.0
KIM,14110000000.0
KIND,664440000.0
KINS,199810000.0
KIRK,17710000.0
KITT,7430000.0
KKR,102750000000.0
KLAC,95450000000.0
KLC,1930000000.0
KLG,1710000000.0
KLIC,1970000000.0
KLTO,7790000.0
KLTR,286700000.0
KLXE,65420000.0
KMB,46400000000.0
KMDA,389450000.0
KMI,61750000000.0
KMPR,4360000000.0
KMT,1660000000.0
KMTS,1230000000.0
KMX,11050000000.0
KN,1420000000.0
KNDI,129110000.00000001
KNF,5290000000.0
KNOP,193210000.0
KNSA,1670000000.0
KNSL,10630000000.0
KNTK,8520000000.0
KNW,4330000.0
KNX,7610000000.0
KO,301590000000.0
KOD,181130000.0
KODK,561190000.0
KOF,18720000000.0
KOP,615190000.0
KOPN,225340000.0
KORE,43030000.0
KOS,1080000000.0
KOSS,49500000.0
KPLT,50930000.0
KPRX,9870000.0
KPTI,51670000.0
KR,43720000000.0
KRC,4090000000.0
KREF,763410000.0
KRG,4960000000.0
KRKR,7760000.0
KRMD,136140000.0
KRMN,4500000000.0
KRNT,1030000000.0
KRNY,401390000.0
KRO,897280000.0
KRON,57260000.0
KROS,471330000.0
KRP,1550000000.0
KRRO,234770000.0
KRT,576250000.0
KRUS,631660000.0
KRYS,5380000000.0
KSCP,21060000.0
KSPI,18920000000.0
KSS,951760000.0
KT,8430000000.0
KTB,3500000000.0
KTCC,28730000.0
KTOS,4870000000.0
KTTA,1430000.0
KUKE,9810000.0
KULR,376810000.0
KURA,588700000.0
KVAC,120980000.0
KVHI,95260000.0
KVUE,44740000000.0
KVYO,9240000000.0
KW,1200000000.0
KWE,3540000.0
KWR,2240000000.0
KXIN,3100000.0
KYMR,2240000000.0
KYTX,109660000.0
KZIA,5590000.0
KZR,42830000.0
L,18610000000.0
LAB,443410000.0
LAC,660300000.0
LAD,7960000000.0
LADR,1470000000.0
LAES,399130000.0
LAKE,189310000.0
LAMR,11630000000.0
LANC,5050000000.0
LAND,393330000.0
LANV,271010000.0
LAR,372890000.0
LARK,144210000.0
LASE,47640000.0
LASR,451090000.0
LAUR,2910000000.0
LAW,269910000.0
LAZ,4110000000.0000005
LAZR,213760000.0
LB,5630000000.0
LBGJ,27750000.0
LBRDA,11780000000.0
LBRDK,11790000000.0
LBRT,2360000000.0
LBTYA,4139999999.9999995
LBTYB,4200000000.0
LBTYK,4200000000.0
LC,1230000000.0
LCFY,7310000.0
LCID,6550000000.0
LCII,2280000000.0
LCNB,209110000.0
LCTX,114180000.0
LCUT,111480000.0
LDI,484520000.0
LDOS,18130000000.0
LDTC,21420000.0
LDWY,6830000.0
LE,345790000.0
LEA,5130000000.0
LECO,10780000000.0
LEDS,14630000.0
LEE,53180000.0
LEG,1090000000.0
LEGH,621570000.0
LEGN,6970000000.0
LEGT,5420000.0
LEN,31450000000.0
LEN.B,31260000000.0
LENZ,648750000.0
LESL,158000000.0
LEU,1270000000.0
LEVI,6510000000.0
LEXX,25750000.0
LFCR,242520000.0
LFMD,254570000.0
LFST,2650000000.0
LFT,143280000.0
LFUS,5310000000.0
LFVN,213870000.0
LFWD,16900000.0
LGCB,6590000.0
LGCL,46000000.0
LGCY,91490000.0
LGF.A,2290000000.0
LGF.B,2130000000.0
LGHL,2500000.0
LGIH,1720000000.0
LGL,35330000.0
LGMK,374630.0
LGND,2120000000.0
LGO,126990000.0
LGTY,479400000.0
LGVN,25680000.0
LH,20120000000.0
LHX,39980000000.0
LI,27280000000.0
LICN,2490000.0
LIDR,11960000.0
LIEN,264829999.99999997
LIF,3050000000.0
LII,20960000000.0
LILA,1350000000.0
LILAK,1350000000.0
LIN,217690000000.0
LINC,479890000.0
LIND,556240000.0
LINE,15140000000.0
LINK,61160000.0
LION,2360000000.0
LIPO,2670000.0
LIQT,13420000.0
LITB,18380000.0
LITE,4720000000.0
LITM,38730000.0
LIVE,21560000.0
LIVN,2250000000.0
LIXT,2740000.0
LKCO,3760000.0
LKFN,1590000000.0
LKQ,10950000000.0
LLY,740770000000.0
LLYVA,6020000000.0
LLYVK,6060000000.0
LMAT,1920000000.0
LMB,851500000.0
LMFA,7600000.0
LMND,2690000000.0
LMNR,340330000.0
LMT,110070000000.0
LNC,6310000000.0
LND,383760000.0
LNG,49770000000.0
LNKB,254120000.0
LNKS,7250000.0
LNN,1410000000.0
LNSR,183680000.0
LNT,16309999999.999998
LNTH,7040000000.0
LNW,8840000000.0
LNZA,96120000.0
LOAN,64860000.0
LOAR,6280000000.0
LOB,1290000000.0
LOBO,10360000.0
LOCL,18000000.0
LOCO,302540000.0
LODE,66090000.0
LOGC,198060000.0
LOGI,13400000000.0
LOKV,251250000.0
LOMA,1280000000.0
LON,64930000.00000001
LOOP,56190000.0
LOPE,4800000000.0
LOT,1040000000.0
LOVE,244460000.0
LOW,126480000000.0
LPA,286520000.0
LPAA,292390000.0
LPBB,289800000.0
LPCN,18720000.0
LPG,950690000.0
LPL,3130000000.0
LPLA,24480000000.0
LPRO,466660000.0
LPSN,98620000.0
LPTH,84340000.0
LPTX,16280000.000000002
LPX,6520000000.0
LQDA,1250000000.0
LQDT,929010000.0
LRCX,100520000000.0
LRE,15140000.0
LRFC,60180000.0
LRHC,4950000.0
LRMR,162710000.0
LRN,5210000000.0
LSAK,339950000.0
LSB,40260000.0
LSBK,89680000.0
LSCC,8630000000.0
LSE,95000000.0
LSEA,264480000.00000003
LSF,51910000.0
LSH,7880000.0
LSPD,1620000000.0
LSTA,20010000.0
LSTR,5310000000.0
LTBR,192790000.0
LTC,1630000000.0
LTH,6360000000.0
LTM,9740000000.0
LTRN,42380000.0
LTRX,108610000.0
LTRY,11290000.0
LU,2760000000.0
LUCD,81500000.0
LUCK,1400000000.0
LUCY,9010000.0
LUD,109130000.0
LULU,39710000000.0
LUMN,5130000000.0
LUNG,310010000.0
LUNR,1190000000.0
LUV,19040000000.0
LVLU,18420000.0
LVO,74950000.0
LVRO,470290000.0
LVS,31350000000.0
LVTX,34450000.0
LVWR,451710000.0
LW,7650000000.0
LWAY,350590000.0
LWLG,129720000.0
LX,1730000000.0
LXEH,182660000.0
LXEO,102870000.0
LXFR,324380000.0
LXP,2710000000.0
LXRX,137370000.0
LXU,518030000.0
LYB,24310000000.0
LYEL,152630000.0
LYFT,5030000000.0
LYG,54720000000.0
LYRA,10870000.0
LYT,1920000.0
LYTS,504580000.0
LYV,28170000000.0
LZ,1680000000.0
LZB,1590000000.0
LZM,373900000.0
LZMH,1540000000.0
M,3840000000.0
MA,486140000000.0
MAA,19740000000.0
MAC,4510000000.0
MACI,220970000.0
MAG,1740000000.0
MAGN,683850000.0
MAIA,46710000.0
MAIN,5060000000.0
MAMA,242060000.0
MAMO,115050000.0
MAN,2810000000.0
MANH,10740000000.0
MANU,2310000000.0
MAPS,207560000.0
MAR,68400000000.00001
MARA,4490000000.0
MARPS,7760000.0
MAS,15070000000.0
MASI,9320000000.0
MASK,37130000.0
MASS,161810000.0
MAT,6660000000.0
MATH,75550000.0
MATV,338550000.0
MATW,708560000.0
MATX,4240000000.0
MAX,645500000.0
MAXN,69520000.0
MAYA,113440000.0
MAYS,75780000.0
MAZE,503000000.0
MBAV,366200000.0
MBC,1710000000.0
MBCN,210520000.0
MBI,281870000.0
MBIN,1760000000.0
MBIO,3740000.0
MBLY,12140000000.0
MBOT,57680000.0
MBRX,3390000.0
MBUU,625840000.0
MBWM,723570000.0
MBX,295740000.0
MC,4620000000.0
MCB,618730000.0
MCBS,694510000.0
MCD,217200000000.0
MCFT,293000000.0
MCHP,29720000000.0
MCHX,82740000.0
MCK,82120000000.0
MCO,81600000000.0
MCRB,128680000.0
MCRI,1550000000.0
MCRP,136520000.0
MCS,522909999.99999994
MCTR,114750000.0
MCVT,11810000.0
MCW,2630000000.0
MCY,3170000000.0
MD,1200000000.0
MDAI,34330000.0
MDB,15530000000.0
MDBH,63780000.0
MDCX,34590000.0
MDGL,7560000000.0
MDIA,53670000.0
MDLZ,84200000000.0
MDRR,17990000.0
MDT,119730000000.0
MDU,3450000000.0
MDV,176760000.0
MDWD,205980000.0
MDXG,1180000000.0
MDXH,74240000.0
ME,53650000.0
MEC,292620000.0
MED,152950000.0
MEDP,9940000000.0
MEG,565580000.0
MEGL,7340000.0
MEI,234130000.0
MEIP,15420000.0
MELI,106790000000.0
MEOH,2550000000.0
MERC,428510000.0
MESA,40900000.0
MESO,1700000000.0
MET,55970000000.0
META,1532610000000.0
METC,487810000.0
METCB,481910000.0
MFA,1120000000.0
MFC,51890000000.0
MFG,72820000000.0
MFH,375630000.0
MFI,8480000.0
MFIC,1210000000.0
MFIN,196040000.0
MG,306600000.0
MGA,10570000000.0
MGEE,3400000000.0
MGIC,697210000.0
MGIH,19350000.0
MGLD,43410000.0
MGM,9260000000.0
MGNI,1880000000.0
MGNX,136820000.0
MGPI,689580000.0
MGRC,2810000000.0
MGRM,125930000.0
MGRX,17800000.0
MGTX,620590000.0
MGX,70360000.0
MGY,4610000000.0
MGYR,92660000.0
MHH,112620000.0
MHK,7180000000.0
MHLD,75300000.0
MHO,3140000000.0
MHUA,10730000.0
MI,8980000.0
MIDD,8230000000.0
MIGI,10730000.0
MIMI,133240000.00000001
MIND,57300000.0
MIR,3150000000.0
MIRA,17890000.0
MIRM,2210000000.0
MIST,159700000.0
MITK,412620000.0
MITQ,5340000.0
MITT,222740000.0
MKC,21950000000.0
MKC.V,21950000000.0
MKDW,7840000.0
MKFG,51760000.0
MKL,23770000000.0
MKSI,5990000000.0
MKTW,188540000.0
MKTX,8189999999.999999
MKZR,26300000.0
ML,985980000.0
MLAB,699140000.0
MLAC,284180000.0
MLCO,2410000000.0
MLEC,32369999.999999996
MLGO,39590000.0
MLI,9220000000.0
MLKN,1310000000.0
MLM,29800000000.0
MLNK,1480000000.0
MLP,354150000.0
MLR,509280000.0
MLSS,70880000.0
MLTX,2450000000.0
MLYS,708660000.0
MMA,8160000.0
MMC,114360000000.0
MMI,1380000000.0
MMLP,149650000.0
MMM,83180000000.0
MMS,3850000000.0
MMSI,5920000000.0
MMYT,10540000000.0
MNDO,38960000.0
MNDR,9310000.0
MNDY,13250000000.0
MNKD,1590000000.0
MNMD,487630000.0
MNOV,75530000.0
MNPR,208750000.0
MNR,1770000000.0
MNRO,503150000.0
MNSB,126630000.0
MNSO,6660000000.0
MNST,54700000000.0
MNTK,314810000.0
MNTS,5700000.0
MNY,28500000.0
MO,99580000000.0
MOB,14040000.0
MOBX,33110000.0
MOD,4580000000.0
MODD,35500000.0
MODG,1170000000.0
MODV,33130000.000000004
MOFG,604900000.0
MOG.A,5570000000.0
MOG.B,5570000000.0
MOGO,22940000.0
MOGU,16350000.000000002
MOH,17540000000.0
MOLN,146530000.0
MOMO,1170000000.0
MORN,12470000000.0
MOS,8410000000.0
MOV,401010000.0
MOVE,16920000.0
MP,4360000000.0
MPAA,227170000.0
MPB,501320000.0
MPC,45690000000.0
MPLX,55880000000.0
MPTI,117700000.0
MPU,17100000.0
MPW,3620000000.0
MPWR,30660000000.0
MPX,293330000.0
MQ,2180000000.0
MRAM,118230000.0
MRBK,153940000.0
MRC,1010000000.0
MRCC,170300000.0
MRCY,2770000000.0
MREO,407380000.0
MRIN,4560000.0
MRK,239440000000.0
MRKR,13710000.0
MRM,4680000.0
MRNA,13420000000.0
MRNO,9500000000.0
MRP,3650000000.0
MRSN,59700000.0
MRT,196020000.0
MRTN,1130000000.0
MRUS,3260000000.0
MRVI,666670000.0
MRVL,60970000000.0
MRX,2480000000.0
MS,190250000000.0
MSA,5970000000.0
MSAI,41110000.0
MSB,349650000.0
MSBI,395500000.0
MSC,760720000.0
MSCI,43950000000.0
MSDL,1810000000.0
MSEX,1090000000.0
MSFT,2889590000000.0
MSGE,1530000000.0
MSGM,3820000.0
MSGS,4610000000.0
MSI,70380000000.0
MSIF,681270000.0
MSM,4330000000.0
MSN,9260000.0
MSPR,12100000.0
MSS,23230000.0
MSSA,76890000.0
MSTR,76630000000.0
MSW,68120000.0
MT,24660000000.0
MTA,283530000.0
MTAL,887570000.0
MTB,28830000000.0
MTC,26190000.0
MTCH,7850000000.0
MTD,25830000000.0
MTDR,6310000000.0
MTEK,19540000.0
MTEN,47860000.0
MTEX,18090000.0
MTG,5590000000.0
MTH,5060000000.0
MTLS,309510000.0
MTN,6070000000.0
MTNB,2770000.0
MTR,11740000.0
MTRN,1820000000.0
MTRX,357230000.0
MTSI,8210000000.000001
MTSR,2990000000.0
MTUS,583620000.0
MTVA,13700000.0
MTW,335880000.0
MTX,2180000000.0
MTZ,9700000000.0
MU,114880000000.0
MUFG,163540000000.0
MULN,649910.0
MUR,3890000000.0
MURA,70120000.0
MUSA,8820000000.0
MUX,406130000.0
MVBF,224920000.0
MVIS,294730000.0
MVST,467090000.0
MWA,4360000000.0
MWG,9810000.0
MWYN,81280000.0
MX,143220000.0
MXC,19420000.0
MXCT,344220000.0
MXL,1120000000.0
MYE,484100000.0
MYFW,185840000.0
MYGN,924050000.0
MYND,41590000.0
MYNZ,15600000.0
MYO,187030000.0
MYPS,160160000.0
MYRG,1940000000.0
MYSZ,2650000.0
MYTE,736700000.0
NA,77980000.0
NAAS,13220000.0
NABL,1450000000.0
NAII,20530000.0
NAK,383910000.0
NAMI,204420000.0
NAMS,2560000000.0
NAOV,1910000.0
NAT,556900000.0
NATH,383430000.0
NATL,1970000000.0
NATR,243060000.0
NAUT,141290000.0
NAVI,1370000000.0
NAYA,1400000.0
NB,92700000.0
NBBK,722540000.0
NBHC,1510000000.0
NBIS,6670000000.0
NBIX,11120000000.0
NBN,779560000.0
NBR,423330000.0
NBTB,2060000000.0
NBTX,152700000.0
NBY,3130000.0
NC,247350000.0
NCDL,950500000.0
NCEW,30420000.0
NCI,7780000.0
NCL,11650000.0
NCLH,8820000000.0
NCMI,555070000.0
NCNA,3260000.0
NCNO,3320000000.0
NCPL,3460000.0
NCRA,13740000.0
NCSM,85090000.0
NCTY,110100000.0
NDAQ,42880000000.0
NDLS,50310000.0
NDRA,2200000.0
NDSN,11990000000.0
NE,3850000000.0
NECB,266910000.00000003
NEE,148330000000.0
NEGG,112500000.0
NEHC,28700000.0
NEM,53580000000.0
NEN,288960000.0
NEO,1260000000.0
NEOG,2020000000.0
NEON,140140000.0
NEOV,89560000.0
NEPH,16980000.0
NERV,10910000.0
NESR,738590000.0
NET,40010000000.0
NETD,417470000.0
NEU,5080000000.0
NEUE,38470000.0
NEUP,8790000.0
NEWP,229610000.0
NEWT,320480000.0
NEXA,720470000.0
NEXN,472460000.0
NEXT,1890000000.0
NFBK,490660000.0
NFE,2730000000.0
NFG,6980000000.0
NFGC,359190000.0
NFLX,406380000000.0
NG,1130000000.0
NGD,2660000000.0
NGG,62040000000.0
NGL,607260000.0
NGNE,250600000.0
NGS,295530000.0
NGVC,867950000.0
NGVT,1610000000.0
NHC,1430000000.0
NHI,3450000000.0
NHIC,241650000.0
NHTC,59370000.0
NI,18500000000.0
NIC,1760000000.0
NICE,9360000000.0
NINE,54630000.0
NIO,10570000000.0
NIPG,88290000.0
NISN,35150000.0
NITO,3750000.0
NIU,272370000.0
NIVF,1800000.0
NIXX,28030000.0
NJR,4940000000.0
NKE,108980000000.0
NKSH,172630000.0
NKTR,169350000.0
NKTX,114320000.0
NL,388340000.0
NLOP,456870000.0
NLSP,2510000.0
NLY,12630000000.0
NMFC,1180000000.0
NMG,244050000.0
NMIH,2770000000.0
NMM,1230000000.0
NMR,19180000000.0
NMRA,192750000.0
NMRK,3180000000.0
NMTC,33330000.0
NN,1500000000.0
NNBR,129210000.00000001
NNDM,480130000.0
NNE,1130000000.0
NNI,4170000000.0
NNN,7950000000.0
NNNN,306800000.0
NNOX,341180000.0
NNVC,20490000.0
NOA,451020000.0
NOAH,741490000.0
NOC,71000000000.0
NODK,287890000.0
NOEM,94610000.0
NOG,2900000000.0
NOK,29210000000.0
NOMD,3040000000.0
NOTE,158640000.0
NOTV,105330000.0
NOV,5560000000.0
NOVA,41230000.0
NOVT,4960000000.0
NOW,173640000000.0
NPB,502290000.0
NPCE,365980000.0
NPK,633980000.0
NPKI,535770000.0
NPO,3770000000.0
NPWR,702940000.0
NRC,347860000.0
NRDS,668450000.0
NRDY,290090000.0
NREF,347620000.0
NRG,19040000000.0
NRGV,173420000.0
NRIM,408430000.0
NRIX,1060000000.0
NRP,1390000000.0
NRSN,27320000.0
NRT,42460000.0
NRXP,34610000.0
NRXS,15290000.0
NSA,4790000000.0
NSC,53100000000.0
NSIT,4920000000.0
NSP,3290000000.0
NSPR,83130000.0
NSSC,916590000.0
NSTS,60120000.0
NSYS,27290000.0
NTAP,18970000000.0
NTB,1630000000.0
NTCL,195950000.0
NTCT,1510000000.0
NTES,66150000000.00001
NTGR,684190000.0
NTIC,104740000.0
NTIP,30340000.0
NTLA,991700000.0
NTNX,18960000000.0
NTR,25500000000.0
NTRA,20180000000.0
NTRB,72970000.0
NTRP,6790000.0
NTRS,19310000000.0
NTST,1260000000.0
NTWK,27190000.0
NTWO,241890000.0
NTZ,49570000.0
NU,56960000000.0
NUE,29850000000.0
NUKK,69600000.0
NURO,9000000.0
NUS,410210000.0
NUTX,299140000.0
NUVB,707840000.0
NUVL,5510000000.0
NUWE,5070000.0
NVA,60590000.0
NVAX,1350000000.0
NVCR,2150000000.0
NVCT,221990000.0
NVDA,2916530000000.0
NVEC,318960000.0
NVEE,1190000000.0
NVFY,3820000.0
NVGS,972260000.0
NVMI,6040000000.0
NVNI,7790000.0
NVNO,51910000.0
NVO,354260000000.0
NVR,21570000000.0
NVRI,510150000.0
NVRO,218940000.0
NVS,221100000000.0
NVST,2960000000.0
NVT,9360000000.0
NVTS,495010000.0
NVVE,1750000.0
NVX,182570000.0
NWBI,1540000000.0
NWE,3450000000.0
NWFL,230850000.0
NWG,46890000000.0
NWGL,23170000.0
NWL,2760000000.0
NWN,1690000000.0
NWPX,415690000.0
NWS,16129999999.999998
NWSA,15400000000.0
NWTG,588420.0
NWTN,137080000.0
NX,932470000.0
NXE,2750000000.0
NXGL,21650000.0
NXL,30480000.0
NXPI,53220000000.0
NXPL,25960000.0
NXRT,994630000.0
NXST,5310000000.0
NXT,6680000000.0
NXTC,17950000.0
NXTT,2330000.0
NXU,6080000.0
NXXT,268000000.0
NYAX,1320000000.0
NYC,26640000.0
NYMT,616760000.0
NYT,7930000000.0
NYXH,396420000.0
O,51050000000.0
OABI,383610000.0
OACC,233460000.0
OAKU,69740000.0
OB,387970000.0
OBDC,7610000000.0
OBE,403310000.0
OBIO,156430000.0
OBK,1110000000.0
OBLG,3800000.0
OBT,274450000.0
OC,12410000000.0
OCC,26970000.0
OCEA,2160000.0
OCFC,1000000000.0
OCFT,260490000.0
OCG,22100000.0
OCGN,167320000.0
OCS,996930000.0
OCSL,1270000000.0
OCTO,2730000.0
OCUL,1260000000.0
OCX,105820000.0
ODC,711120000.0
ODD,2600000000.0
ODFL,35310000000.0
ODP,473200000.0
ODV,185460000.0
ODYS,100460000.0
OEC,763130000.0
OESX,24380000.0
OFG,1850000000.0
OFIX,654800000.0
OFLX,413970000.0
OFS,127280000.0
OGE,9030000000.0
OGEN,3670000.0
OGI,141390000.0
OGN,4030000000.0000005
OGS,4460000000.0
OHI,11060000000.0
OI,1850000000.0
OII,2069999999.9999998
OIS,314360000.0
OKE,58840000000.0
OKLO,3420000000.0
OKTA,20080000000.0
OKUR,64760000.00000001
OKYO,50570000.0
OLB,2860000.0
OLED,7430000000.0
OLLI,6330000000.0
OLMA,330200000.0
OLN,2880000000.0
OLO,1030000000.0
OLP,571840000.0
OLPX,897240000.0
OM,31040000.0
OMAB,3940000000.0
OMC,15780000000.0
OMCC,41920000.0
OMCL,1550000000.0
OMER,493730000.0
OMEX,12520000.0
OMF,5800000000.0
OMH,5310000.0
OMI,762430000.0
ON,18560000000.0
ONB,6740000000.0
ONC,28400000000.0
ONCO,1050000.0
ONCY,53830000.0
ONDS,66140000.0
ONEG,27430000.0
ONEW,270960000.0
ONFO,6150000.0
ONIT,239420000.0
ONL,139710000.0
ONMD,18330000.0
ONON,15560000000.0
ONTF,236170000.0
ONTO,6800000000.0
ONVO,7510000.0
OOMA,360560000.0
OP,7240000.0
OPAD,49010000.0
OPAL,362940000.0
OPBK,185400000.0
OPCH,5600000000.0
OPEN,860990000.0
OPFI,799250000.0
OPHC,49940000.0
OPI,52370000.0
OPK,1220000000.0
OPOF,153040000.0
OPRA,1580000000.0
OPRT,209220000.0
OPRX,152610000.0
OPT,466570000.0
OPTN,59130000.0
OPTT,89080000.0
OPTX,46590000.0
OPXS,38180000.0
OPY,629730000.0
OR,3770000000.0
ORA,4400000000.0
ORC,780870000.0
ORCL,431880000000.0
ORGN,115750000.0
ORGO,630340000.0
ORI,9180000000.0
ORIC,561820000.0
ORIS,25310000.0
ORKA,445170000.0
ORKT,17060000.0
ORLA,2970000000.0
ORLY,77200000000.0
ORMP,95540000.0
ORN,217560000.0
ORRF,597600000.0
OS,5170000000.0
OSBC,745980000.0
OSCR,3370000000.0
OSIS,3180000000.0
OSK,6260000000.0
OSPN,615010000.0
OSRH,23720000.0
OSS,62710000.0
OST,3430000.0
OSTX,34620000.0
OSUR,267040000.00000003
OSW,1820000000.0
OTEX,6760000000.0
OTIS,40200000000.0
OTLK,49310000.0
OTLY,283120000.0
OTRK,6200000.0
OTTR,3490000000.0
OUST,423550000.0
OUT,2760000000.0
OVBC,144350000.0
OVID,33119999.999999996
OVLY,200990000.0
OVV,10700000000.0
OWL,30650000000.0
OWLT,70570000.0
OXBR,16810000.0
OXM,957450000.0
OXSQ,180750000.0
OXY,44390000000.0
OZ,243940000.0
OZK,5030000000.0
PAA,14050000000.0
PAAS,9670000000.0
PAC,9700000000.0
PACB,364950000.0
PACK,503330000.0
PACS,1900000000.0
PAG,9990000000.0
PAGP,4990000000.0
PAGS,2530000000.0
PAHC,885000000.0
PAL,266240000.0
PALI,2360000.0
PAM,5130000000.0
PAMT,273910000.0
PANL,354690000.0
PANW,122490000000.0
PAPL,2640000.0
PAR,2470000000.0
PARA,7830000000.0
PARAA,8279999999.999999
PARR,806440000.0
PASG,24050000.0
PATH,5920000000.0
PATK,2850000000.0
PAVM,8460000.0
PAVS,92250000.0
PAX,1830000000.0
PAY,3540000000.0
PAYC,12090000000.0
PAYO,2630000000.0
PAYS,130120000.0
PAYX,53290000000.0
PB,6750000000.0
PBA,22660000000.0
PBBK,38850000.0
PBF,2590000000.0
PBFS,301120000.0
PBH,4200000000.0
PBHC,102300000.0
PBI,1710000000.0
PBM,3190000.0
PBPB,286250000.0
PBR,86090000000.0
PBR.A,86090000000.0
PBT,466090000.0
PBYI,160740000.0
PC,13280000.0
PCAR,53090000000.0
PCB,266829999.99999997
PCG,37530000000.0
PCH,3600000000.0
PCLA,19750000.0
PCOR,10450000000.0
PCRX,1080000000.0
PCSA,2120000.0
PCSC,114000000.0
PCT,1340000000.0
PCTY,10630000000.0
PCVX,9690000000.0
PCYO,258589999.99999997
PD,1630000000.0
PDCO,2760000000.0
PDD,179010000000.0
PDEX,159430000.0
PDFS,853070000.0
PDLB,306770000.0
PDM,912300000.0
PDS,616090000.0
PDSB,50130000.0
PDYN,271190000.0
PEB,1320000000.0
PEBK,147690000.0
PEBO,1040000000.0
PECO,4860000000.0
PED,65489999.99999999
PEG,41000000000.0
PEGA,6230000000.0
PEN,10630000000.0
PENG,1010000000.0
PENN,2540000000.0
PEP,207560000000.0
PEPG,76830000.0
PERF,194530000.0
PERI,389980000.0
PESI,136540000.0
PET,12450000.0
PETS,82510000.0
PETZ,14140000.0
PEV,30740000.0
PFBC,1080000000.0
PFE,147630000000.0
PFG,18920000000.0
PFGC,12040000000.0
PFIS,457970000.0
PFLT,975430000.0
PFS,2240000000.0
PFSI,5040000000.0
PFX,109090000.0
PG,398060000000.0
PGC,505840000.0
PGEN,521309999.99999994
PGHL,15740000.0
PGNY,1790000000.0
PGR,170720000000.0
PGRE,976480000.0
PGY,864420000.0
PH,80040000000.0
PHAR,604310000.0
PHAT,330950000.0
PHG,24820000000.0
PHGE,11090000.0
PHH,208090000.0
PHI,5050000000.0
PHIN,1740000000.0
PHIO,6500000.0
PHLT,230230000.0
PHM,21030000000.0
PHR,1580000000.0
PHUN,59270000.0
PHVS,894850000.0
PHX,150190000.0
PI,2650000000.0
PII,2470000000.0
PIII,61360000.0
PINC,1670000000.0
PINE,258000000.0
PINS,21750000000.0
PIPR,4550000000.0
PITA,13880000.0
PJT,5690000000.0
PK,2370000000.0
PKBK,220270000.0
PKE,268190000.0
PKG,17700000000.0
PKOH,294870000.0
PKST,463850000.0
PKX,17460000000.0
PL,1250000000.0
PLAB,1370000000.0
PLAG,13110000.0
PLAY,728860000.0
PLBC,250820000.0
PLBY,109680000.0
PLCE,113690000.0
PLD,107900000000.0
PLG,129830000.00000001
PLL,153970000.0
PLMK,235400000.0
PLMR,3580000000.0
PLNT,8330000000.0
PLOW,566960000.0
PLPC,745890000.0
PLRX,104100000.0
PLRZ,2680000.0
PLSE,987340000.0
PLTK,1780000000.0
PLTR,204870000000.0
PLUG,1570000000.0
PLUR,33060000.000000004
PLUS,1700000000.0
PLUT,42440000.0
PLX,180400000.0
PLXS,3380000000.0
PLYA,1640000000.0
PLYM,799280000.0
PM,242110000000.0
PMAX,5100000.0
PMCB,11010000.0
PMEC,30290000.0
PMN,23900000.0
PMNT,20780000.0
PMT,1270000000.0
PMTS,323950000.0
PMVP,65440000.0
PN,103950000.0
PNBK,4019999.9999999995
PNC,68840000000.0
PNFP,7960000000.0
PNNT,458380000.0
PNR,14370000000.0
PNRG,352830000.0
PNTG,838370000.0
PNW,11240000000.0
POAI,7730000.0
POCI,28830000.0
PODC,46310000.0
PODD,18370000000.0
POET,310520000.0
POLA,6600000.0
POLE,298350000.0
PONY,4790000000.0
POOL,12310000000.0
POR,4900000000.0
POST,6440000000.0
POWI,3290000000.0
POWL,2170000000.0
POWW,169820000.0
PPBI,2150000000.0
PPBT,7540000.0
PPC,11760000000.0
PPG,25840000000.0
PPIH,109200000.0
PPL,25950000000.0
PPSI,36230000.0
PPTA,751890000.0
PR,10880000000.0
PRA,803670000.0
PRAA,773600000.0
PRAX,784960000.0
PRCH,755200000.0
PRCT,3240000000.0
PRDO,1640000000.0
PRE,53140000.0
PRFX,2550000.0
PRG,1080000000.0
PRGO,3860000000.0
PRGS,2400000000.0
PRI,9660000000.0
PRIM,3470000000.0
PRK,2500000000.0
PRKS,2700000000.0
PRLB,890330000.0
PRLD,41640000.0
PRM,1360000000.0
PRMB,12270000000.0
PRME,223410000.0
PRO,1000000000.0
PROF,203110000.0
PROK,303330000.0
PROP,156320000.0
PROV,94740000.0
PRPH,11790000.0
PRPL,91340000.0
PRPO,11590000.0
PRQR,178860000.0
PRSO,2920000.0
PRSU,1100000000.0
PRT,48910000.0
PRTA,739580000.0
PRTC,404190000.0
PRTG,6990000.0
PRTH,614680000.0
PRTS,57970000.0
PRU,39040000000.0
PRVA,2800000000.0
PRZO,9100000.0
PSA,52930000000.0
PSBD,474350000.0
PSEC,1910000000.0
PSFE,980970000.0
PSHG,19270000.0
PSIG,11570000.0
PSIX,761060000.0
PSMT,2550000000.0
PSN,6320000000.0
PSNL,335400000.0
PSNY,2360000000.0
PSNYW,2360000000.0
PSO,10880000000.0
PSQH,118360000.0
PSTG,16540000000.0
PSTL,431640000.0
PSTV,19890000.0
PSX,52670000000.0
PT,15530000.0
PTC,19110000000.0
PTCT,4510000000.0
PTEN,3040000000.0
PTGX,3250000000.0
PTHL,52300000.0
PTIX,1880000.0
PTLE,16239999.999999998
PTLO,993710000.0
PTMN,142340000.0
PTN,21060000.0
PTON,2570000000.0
PTPI,781160.0
PTVE,3230000000.0
PUBM,469740000.0
PUK,26280000000.0
PULM,30640000.0
PUMP,705670000.0
PVBC,190700000.0
PVH,3640000000.0
PVL,51150000.0
PVLA,308590000.0
PW,3860000.0
PWM,16680000.0
PWOD,215440000.0
PWP,1680000000.0
PWR,39630000000.0
PX,1300000000.0
PXLW,40180000.0
PXS,35340000.0
PYCR,4070000000.0000005
PYPD,31290000.0
PYPL,68900000000.0
PYXS,68980000.0
PZG,24670000.0
PZZA,1530000000.0
QBTS,3260000000.0
QCOM,174600000000.0
QCRH,1260000000.0
QD,526539999.99999994
QDEL,2440000000.0
QETA,95460000.0
QFIN,7320000000.0
QGEN,8610000000.0
QH,134540000.0
QIPT,102240000.0
QLGN,2280000.0
QLYS,4760000000.0
QMCO,125380000.0
QMMM,25120000.0
QNCX,60720000.0
QNRX,6280000.0
QNST,1020000000.0
QNTM,13760000.0
QRHC,57900000.0
QRVO,6820000000.0
QS,2440000000.0
QSG,143120000.0
QSI,302180000.0
QSR,30520000000.0
QTRX,280790000.0
QTTB,26710000.0
QTWO,4690000000.0
QUAD,292100000.0
QUBT,1030000000.0
QUIK,94320000.0
QURE,785740000.0
QVCGA,79720000.0
QVCGB,127520000.0
QXO,5320000000.0
R,5930000000.0
RAC,256510000.0
RACE,80820000000.0
RADX,47640000.0
RAIL,125040000.0
RAIN,14530000.0
RAMP,1740000000.0
RAND,59430000.0
RANG,160700000.0
RANI,88440000.0
RAPP,371530000.0
RAPT,147850000.0
RARE,3670000000.0
RAVE,40600000.0
RAY,20780000.0
RAYA,34160000.0
RBA,18110000000.0
RBB,301600000.0
RBBN,694110000.0
RBC,10840000000.0
RBCAA,1270000000.0
RBKB,112400000.0
RBLX,38020000000.0
RBOT,56900000.0
RBRK,13120000000.0
RC,818540000.0
RCAT,464130000.0
RCEL,238010000.0
RCI,15520000000.0
RCKT,941540000.0
RCKY,137520000.0
RCL,59050000000.0
RCMT,120580000.0
RCON,45340000.0
RCUS,968400000.0
RDAC,76490000.0
RDCM,192970000.0
RDDT,22710000000.0
RDFN,1440000000.0
RDGT,6050000.0
RDHL,3850000.0
RDI,28930000.0
RDIB,39420000.0
RDN,4580000000.0
RDNT,3630000000.0
RDUS,811440000.0
RDVT,537890000.0
RDW,829790000.0
RDWR,946990000.0
RDY,11190000000.0
RDZN,79380000.0
REAL,660800000.0
REAX,934190000.0
REBN,17520000.0
RECT,53940000.0
REE,127980000.0
REFI,324480000.0
REFR,42730000.0
REG,13000000000.0
REGN,72610000000.0
REI,241950000.0
REKR,109450000.0
RELI,3850000.0
RELL,182270000.0
RELX,91670000000.0
RELY,3920000000.0
RENB,121900000.0
RENE,153530000.0
RENT,17660000.0
REPL,907230000.0
REPX,624950000.0
RERE,763800000.0
RES,1140000000.0
RETO,9150000.0
REVB,2720000.0
REVG,1550000000.0
REX,644190000.0
REXR,9530000000.0
REYN,4970000000.0
REZI,2620000000.0
RF,19500000000.0
RFAI,155530000.0
RFIL,42700000.0
RFL,45650000.0
RGA,12760000000.0
RGC,240740000.0
RGCO,212010000.0
RGEN,8580000000.0
RGLD,10200000000.0
RGLS,90750000.0
RGNX,350600000.0
RGP,227340000.0
RGR,670570000.0
RGS,44460000.0
RGTI,3190000000.0
RH,4190000000.0000005
RHI,5390000000.0
RHLD,375010000.0
RHP,5810000000.0
RIBB,64540000.00000001
RICK,410270000.0
RIG,2790000000.0
RIGL,375660000.0
RILY,136020000.0
RILYP,136020000.0
RIME,5450000.0
RIO,107820000000.0
RIOT,2720000000.0
RITM,6130000000.0
RITR,235410000.0
RIVN,12460000000.0
RJF,29600000000.0
RKDA,4410000.0
RKLB,8660000000.0
RKT,31360000000.0
RL,13590000000.0
RLAY,595020000.0
RLGT,293250000.0
RLI,7030000000.0
RLJ,1350000000.0
RLMD,8890000.0
RLX,2490000000.0
RLYB,26640000.0
RM,292390000.0
RMAX,277260000.0
RMBI,127190000.0
RMBL,137550000.0
RMBS,5820000000.0
RMCF,10690000.0
RMCO,14130000.0
RMD,32939999999.999996
RMNI,371570000.0
RMR,546450000.0
RMSG,18820000.0
RMTI,57200000.0
RNA,4070000000.0000005
RNAC,374100000.0
RNAZ,543070.0
RNG,2450000000.0
RNGR,316880000.0
RNR,12080000000.0
RNST,2210000000.0
RNTX,43980000.0
RNW,2240000000.0
RNXT,35570000.0
ROAD,4130000000.0
ROCK,2009999999.9999998
ROG,1450000000.0
ROIV,7740000000.0
ROK,29620000000.0
ROKU,10170000000.0
ROL,25080000000.0
ROLR,25430000.0
ROMA,9450000.0
ROOT,2320000000.0
ROP,61810000000.0
ROST,41420000000.0
RPAY,545290000.0
RPD,1860000000.0
RPID,100310000.0
RPM,14930000000.0
RPRX,19030000000.0
RPT,143180000.0
RPTX,48250000.0
RR,256490000.0
RRBI,364230000.0
RRC,9400000000.0
RRGB,77730000.0
RRR,4650000000.0
RRX,7850000000.0
RS,14780000000.0
RSG,73620000000.0
RSI,2470000000.0
RSKD,727580000.0
RSLS,2080000.0
RSSS,88610000.0
RSVR,485980000.0
RTC,6550000.0
RTO,10970000000.0
RTX,176300000000.0
RUM,2570000000.0
RUN,1580000000.0
RUSHA,4280000000.0000005
RUSHB,4280000000.0000005
RVLV,1590000000.0
RVMD,7270000000.0
RVP,21390000.0
RVPH,51240000.0
RVSB,110110000.0
RVSN,9610000.0
RVTY,13610000000.0
RVYL,7250000.0
RWAY,406710000.0
RWT,847650000.0
RXO,3080000000.0
RXRX,2750000000.0
RXST,1070000000.0000001
RXT,446750000.0
RY,159200000000.0
RYAAY,24440000000.0
RYAM,360180000.0
RYAN,18690000000.0
RYDE,8270000.0
RYI,737030000.0
RYN,4410000000.0
RYTM,3310000000.0
RZLT,211870000.0
RZLV,413590000.0
S,6080000000.0
SA,1190000000.0
SABR,1330000000.0
SABS,14950000.0
SACH,54480000.0
SAFE,1370000000.0
SAFT,1160000000.0
SAG,6010000.0
SAGE,493080000.0
SAGT,41040000.0
SAH,2020000000.0
SAIA,9530000000.0
SAIC,5340000000.0
SAIH,9710000.0
SAIL,11030000000.0
SAM,2530000000.0
SAMG,227690000.0
SAN,104260000000.0
SANA,618450000.0
SAND,2009999999.9999998
SANG,154240000.0
SANM,4139999999.9999995
SANW,15660000.0
SAP,314260000000.0
SAR,344460000.0
SARO,9660000000.0
SASR,1330000000.0
SATL,386640000.0
SATS,7530000000.0
SATX,115350000.0
SAVA,134300000.0
SB,395260000.0
SBAC,23770000000.0
SBC,339080000.0
SBCF,2220000000.0
SBET,2069999.9999999998
SBEV,4320000.0
SBFG,128710000.00000001
SBFM,4120000.0
SBGI,1030000000.0
SBH,912490000.0
SBLK,1940000000.0
SBR,959030000.0
SBRA,4190000000.0000005
SBS,12100000000.0
SBSI,891020000.0
SBSW,2860000000.0
SBT,255740000.0
SBUX,112550000000.0
SBXD,258880000.0
SCCO,77930000000.0
SCHL,553310000.0
SCHW,141040000000.0
SCI,11430000000.0
SCKT,8820000.0
SCL,1320000000.0
SCLX,54970000.0
SCM,391330000.0
SCNI,2860000.0
SCNX,21700000.0
SCOR,29670000.0
SCPH,150120000.0
SCPX,778920.0
SCS,1250000000.0
SCSC,855950000.0
SCVL,607900000.0
SCWO,54320000.0
SCYX,41740000.0
SD,428040000.0
SDA,515929999.99999994
SDGR,1730000000.0
SDHC,992310000.0
SDOT,17130000.0
SDRL,1530000000.0
SDST,32270000.000000004
SE,76180000000.0
SEAT,559910000.0
SEB,2640000000.0
SEDG,1010000000.0
SEE,4400000000.0
SEED,14110000.0
SEER,115980000.0
SEG,256470000.00000003
SEI,1370000000.0
SEIC,9520000000.0
SELF,57930000.0
SELX,48280000.0
SEM,2220000000.0
SEMR,1460000000.0
SENEA,588290000.0
SENEB,592460000.0
SENS,403500000.0
SEPN,281510000.0
SER,43480000.0
SERA,144870000.0
SERV,444820000.0
SES,239950000.0
SEVN,190310000.0
SEZL,1330000000.0
SF,10050000000.0
SFBC,132460000.00000001
SFBS,4540000000.0
SFD,7680000000.0
SFHG,14820000.0
SFIX,462380000.0
SFL,1120000000.0
SFM,13900000000.0
SFNC,2600000000.0
SFST,269530000.0
SFWL,86620000.0
SG,2830000000.0
SGA,75010000.0
SGBX,2700000.0
SGC,183230000.0
SGD,2009999.9999999998
SGHC,3360000000.0
SGHT,142700000.0
SGI,11760000000.0
SGLY,3120000.0
SGMA,6910000.0
SGML,1350000000.0
SGMO,210730000.0
SGMT,121700000.0
SGN,665400.0
SGRP,28920000.0
SGRY,3090000000.0
SGU,463200000.0
SHAK,3750000000.0
SHBI,455590000.0
SHC,3380000000.0
SHCO,1260000000.0
SHEL,212500000000.0
SHEN,679030000.0
SHFS,15640000.0
SHG,15990000000.0
SHIM,57450000.0
SHIP,151180000.0
SHLS,542730000.0
SHLT,40940000.0
SHMD,120760000.0
SHO,1980000000.0
SHOO,1860000000.0
SHOP,125070000000.0
SHOT,33650000.0
SHPH,2820000.0
SHW,86080000000.0
SHYF,329760000.0
SIBN,646140000.0
SID,2350000000.0
SIDU,18890000.0
SIEB,95490000.0
SIF,17400000.0
SIFY,148500000.0
SIG,2100000000.0
SIGA,402190000.0
SIGI,5420000000.0
SII,1100000000.0
SILA,1440000000.0
SILC,92090000.0
SILO,6230000.0
SIM,4040000000.0
SIMA,311880000.0
SIMO,1800000000.0
SINT,4190000.0000000005
SION,656780000.0
SIRI,7810000000.0
SISI,14000000.0
SITC,669010000.0
SITE,5560000000.0
SITM,4019999999.9999995
SJ,38960000.0
SJM,11900000000.0
SJT,245160000.0
SJW,1810000000.0
SKBL,352200000.0
SKE,1250000000.0
SKGR,175630000.0
SKIL,157470000.0
SKIN,165320000.0
SKK,13780000.0
SKLZ,83090000.0
SKM,8240000000.0
SKT,3800000000.0
SKWD,1990000000.0
SKX,8580000000.0
SKY,5350000000.0
SKYE,76760000.0
SKYH,853960000.0
SKYQ,13160000.0
SKYT,404120000.0
SKYW,3560000000.0
SKYX,126080000.0
SLAB,4110000000.0000005
SLB,56340000000.0
SLDB,415360000.0
SLDP,209290000.0
SLE,5030000.0
SLF,32350000000.0
SLG,4400000000.0
SLGL,15880000.0
SLGN,5320000000.0
SLI,261180000.0
SLM,6160000000.0
SLN,184180000.0
SLND,183560000.0
SLND.WS,183560000.0
SLNG,99680000.0
SLNH,8960000.0
SLNO,2280000000.0
SLP,527020000.0
SLQT,619720000.0
SLRC,919250000.0
SLRN,276930000.0
SLRX,1310000.0
SLS,88800000.0
SLSR,586720000.0
SLVM,2660000000.0
SLXN,10770000.0
SM,3460000000.0
SMBC,604910000.0
SMBK,531640000.0
SMC,469200000.0
SMCI,24890000000.0
SMFG,104120000000.0
SMG,3520000000.0
SMHI,142220000.0
SMID,175180000.0
SMLR,345760000.0
SMMT,14850000000.0
SMP,572780000.0
SMPL,3480000000.0
SMR,4970000000.0
SMRT,225460000.0
SMSI,14570000.0
SMTC,3400000000.0
SMTI,287580000.0
SMTK,9970000.0
SMWB,770290000.0
SMX,2460000.0
SMXT,53440000.0
SN,12630000000.0
SNA,17260000000.0
SNAL,62080000.0
SNAP,15250000000.0
SNBR,158070000.0
SNCR,127200000.0
SNCY,710690000.0
SND,102050000.0
SNDA,449140000.0
SNDK,6390000000.0
SNDL,411530000.0
SNDR,4210000000.0
SNDX,1120000000.0
SNES,2320000.0
SNEX,3630000000.0
SNFCA,285880000.0
SNGX,5910000.0
SNN,12540000000.0
SNOA,6240000.0
SNOW,51620000000.0
SNPS,70120000000.0
SNPX,3800000.0
SNRE,3310000000.0
SNSE,11120000.0
SNT,80650000.0
SNTG,5270000.0
SNTI,100440000.0
SNV,6540000000.0
SNWV,270960000.0
SNX,10840000000.0
SNY,147180000000.0
SNYR,31160000.0
SO,99300000000.0
SOAR,3130000.0
SOBO,5370000000.0
SOBR,559550.0
SOC,2260000000.0
SOFI,13270000000.0
SOGP,11380000.0
SOHO,15820000.0
SOHU,427530000.0
SOL,80980000.0
SOLV,13000000000.0
SON,4640000000.0
SOND,27030000.0
SONM,10820000.0
SONN,4260000.0
SONO,1380000000.0
SONY,148050000000.0
SOPA,4460000.0
SOPH,213860000.0
SOS,10500000.0
SOTK,57960000.0
SOUN,4019999999.9999995
SOWG,29300000.0
SPAI,44030000.0
SPB,1910000000.0
SPCB,24850000.0
SPCE,123280000.0
SPFI,543370000.0
SPG,62910000000.0
SPGI,152140000000.0
SPH,1340000000.0
SPHL,13160000.0
SPHR,1170000000.0
SPIR,234450000.0
SPKL,176040000.0
SPLP,779690000.0
SPMC,427800000.0
SPNS,1560000000.0
SPNT,2460000000.0
SPOK,322620000.0
SPOT,122300000000.0
SPPL,7450000.0
SPR,3940000000.0
SPRB,13650000.0
SPRC,1330000.0
SPRO,42030000.0
SPRU,45950000.0
SPRY,1110000000.0
SPSC,4910000000.0
SPT,1420000000.0
SPTN,683060000.0
SPWH,39860000.0
SPXC,6280000000.0
SQFT,7630000.0
SQM,13000000000.0
SQNS,56570000.0
SR,4450000000.0
SRAD,6070000000.0
SRBK,101260000.0
SRCE,1540000000.0
SRDX,414730000.0
SRE,46290000000.0
SRFM,66370000.00000001
SRG,203130000.0
SRI,142630000.0
SRL,116500000.0
SRM,5560000.0
SRPT,9830000000.0
SRRK,3290000000.0
SRTS,80170000.0
SRZN,37700000.0
SSB,9400000000.0
SSBI,64310000.0
SSBK,316520000.0
SSD,6700000000.0
SSKN,10970000.0
SSL,2740000000.0
SSNC,20230000000.0
SSP,223690000.0
SSRM,2220000000.0
SSSS,142020000.0
SST,44460000.0
SSTI,200380000.0
SSTK,684610000.0
SSY,6970000.0
SSYS,734340000.0
ST,4150000000.0000005
STAA,868340000.0
STAG,6730000000.0
STAI,40440000.0
STAK,40160000.0
STBA,1460000000.0
STBX,1530000.0
STC,1990000000.0
STE,22380000000.0
STEC,42000000.0
STEL,1450000000.0
STEM,74380000.0
STEP,6390000000.0
STFS,11180000.0
STG,79410000.0
STGW,1610000000.0
STHO,108950000.0
STI,17010000.0
STIM,322220000.0
STKH,144210.0
STKL,627070000.0
STKS,80090000.0
STLA,35950000000.0
STLD,18760000000.0
STM,22400000000.0
STN,9530000000.0
STNE,3020000000.0
STNG,1880000000.0
STOK,476700000.0
STR,3030000000.0
STRA,1930000000.0
STRL,3690000000.0
STRM,12730000.0
STRO,78110000.0
STRR,7080000.0
STRS,146040000.0
STRT,185330000.0
STRW,693550000.0
STSS,3660000.0
STT,25330000000.0
STTK,55860000.0
STVN,5620000000.0
STWD,6750000000.0
STX,19160000000.0
STXS,167660000.0
STZ,33180000000.0
SU,46570000000.0
SUGP,10220000.0
SUI,17200000000.0
SUN,7990000000.0
SUNE,816630.0
SUNS,147640000.0
SUP,60690000.0
SUPN,1790000000.0
SUPV,1410000000.0
SURG,24060000.0
SUUN,141360000.0
SUZ,11900000000.0
SVC,418260000.0
SVCC,218530000.0
SVCO,147660000.0
SVII,113520000.0
SVM,908480000.0
SVRA,588580000.0
SVRE,2770000.0
SVT,26970000.0
SVV,1100000000.0
SW,23520000000.0
SWAG,16820000.0
SWBI,433430000.0
SWI,3140000000.0
SWIM,778020000.0
SWIN,27330000.0
SWK,12600000000.0
SWKH,193900000.0
SWKS,11350000000.0
SWTX,3730000000.0
SWVL,50650000.0
SWX,5470000000.0
SXC,764230000.0
SXI,2069999999.9999998
SXT,3100000000.0
SXTP,2870000.0
SY,100610000.0
SYBT,2029999999.9999998
SYBX,15560000.0
SYF,20770000000.0
SYK,142520000000.0
SYM,13130000000.0
SYNA,2550000000.0
SYNX,20570000.0
SYPR,36140000.0
SYRA,5980000.0
SYRE,1120000000.0
SYRS,2310000.0
SYT,52130000.0
SYTA,2060000.0
SYY,36560000000.0
T,192590000000.0
TAC,2880000000.0
TACT,38440000.0
TAIT,15350000.0
TAK,47960000000.0
TAL,8670000000.0
TALK,481730000.0
TALO,1570000000.0
TANH,3280000.0
TAOP,4930000.0
TAP,12030000000.0
TAP.A,12040000000.0
TARA,162510000.0
TARS,1820000000.0
TASK,1210000000.0
TATT,285430000.0
TAVI,154450000.0
TAYD,98760000.0
TBBB,2810000000.0
TBBK,2500000000.0
TBCH,274280000.0
TBH,55350000.0
TBI,170520000.0
TBLA,995730000.0
TBLD,563360000.0
TBMC,50620000.0
TBN,324540000.0
TBNK,73080000.0
TBPH,462550000.0
TBRG,401880000.0
TC,1390000.0
TCBI,3480000000.0
TCBK,1350000000.0
TCBP,718190.0
TCBS,47350000.0
TCBX,453240000.0
TCI,246910000.0
TCMD,319110000.0
TCOM,43420000000.0
TCPC,658500000.0
TCRT,2350000.0
TCRX,87720000.0
TCTM,3640000.0
TCX,183910000.0
TD,104630000000.0
TDAC,215980000.0
TDC,2200000000.0
TDG,76220000000.0
TDOC,1540000000.0
TDS,4019999999.9999995
TDTH,77450000.0
TDUP,275380000.0
TDW,2130000000.0
TDY,23290000000.0
TE,251040000.0
TEAM,57900000000.0
TECH,9890000000.0
TECK,21520000000.0
TECX,353470000.0
TEF,26870000000.0
TEL,43800000000.0
TELA,95710000.0
TELO,124110000.0
TEM,8590000000.0
TEN,501010000.0
TENB,4420000000.0
TENX,222220000.0
TEO,5580000000.0
TER,14580000000.0
TERN,276050000.0
TEVA,19150000000.0
TEX,2630000000.0
TFC,53600000000.0
TFII,7030000000.0
TFIN,1420000000.0
TFPM,3800000000.0
TFSL,3440000000.0
TFX,6480000000.0
TG,248180000.0
TGB,739020000.0
TGI,1970000000.0
TGL,6340000.0
TGLS,3310000000.0
TGNA,2850000000.0
TGS,4810000000.0
TGT,48140000000.0
TGTX,5960000000.0
TH,564950000.0
THAR,2710000.0
THC,12180000000.0
THCH,101120000.0
THFF,588640000.0
THG,6140000000.0
THM,136770000.0
THO,4350000000.0
THR,1000000000.0
THRD,156800000.0
THRM,933830000.0
THRY,677460000.0
THS,1400000000.0
THTX,74340000.0
TIC,1490000000.0
TIGO,5120000000.0
TIGR,1490000000.0
TIL,141150000.0
TILE,1130000000.0
TIMB,7380000000.0
TIPT,846160000.0
TIRX,14340000.0
TISI,63150000.0
TITN,326580000.0
TIVC,1840000.0
TIXT,752520000.0
TJX,128740000000.00002
TK,551360000.0
TKC,6510000000.0
TKLF,14310000.0
TKNO,301920000.0
TKO,24930000000.0
TKR,5260000000.0
TLF,25490000.0
TLK,14610000000.0
TLN,9510000000.0
TLPH,9710000.0
TLRY,600100000.0
TLS,198790000.0
TLSA,169080000.0
TLSI,157040000.0
TLX,5710000000.0
TLYS,75080000.0
TM,249620000000.0
TMC,618590000.0
TMCI,498880000.0
TMDX,2280000000.0
TME,20660000000.0
TMHC,5980000000.0
TMO,196010000000.0
TMP,925830000.0
TMQ,257029999.99999997
TMUS,297050000000.0
TNC,1570000000.0
TNDM,1310000000.0
TNET,3850000000.0
TNFA,1070000.0
TNGX,210810000.0
TNK,1340000000.0
TNL,3200000000.0
TNMG,28450000.0
TNON,3510000.0
TNXP,91010000.0
TNYA,63940000.0
TOI,52970000.0
TOL,10550000000.0
TOMZ,16010000.000000002
TOON,25700000.0
TOP,45000000.0
TOPP,34830000.0
TOPS,27940000.0
TORO,41310000.0
TOST,20030000000.0
TOUR,128310000.0
TOVX,3310000.0
TOWN,2580000000.0
TOYO,144050000.0
TPB,1030000000.0
TPC,1350000000.0
TPCS,25120000.0
TPET,9750000.0
TPG,18290000000.0
TPH,2870000000.0
TPIC,57130000.0
TPL,30700000000.0
TPR,14740000000.0
TPST,37310000.0
TPVG,283370000.0
TR,2260000000.0
TRAK,355380000.0
TRAW,9670000.0
TRC,434530000.0
TRDA,385120000.0
TREE,678120000.0
TREX,6170000000.0
TRGP,42880000000.0
TRI,78240000000.0
TRIB,11940000.0
TRIN,1010000000.0
TRIP,2029999999.9999998
TRMB,17270000000.0
TRMD,1830000000.0
TRMK,2089999999.9999998
TRML,469020000.0
TRN,2410000000.0
TRNO,6720000000.0
TRNR,1670000.0
TRNS,680240000.0
TROO,112510000.0
TROW,21000000000.0
TROX,1150000000.0
TRP,47730000000.0
TRS,1010000000.0
TRSG,24860000.0
TRST,576300000.0
TRT,26530000.0
TRTX,694200000.0
TRU,16730000000.0
TRUE,158810000.0
TRUG,8830000.0
TRUP,1530000000.0
TRV,60110000000.0
TRVG,298810000.0
TRVI,584450000.0
TRX,94700000.0
TS,20830000000.0
TSAT,1180000000.0
TSBK,237230000.0
TSBX,9110000.0
TSCO,28240000000.0
TSE,157890000.0
TSEM,4350000000.0
TSHA,366950000.0
TSLA,731600000000.0
TSLX,2049999999.9999998
TSM,763700000000.0
TSN,21580000000.0
TSQ,126550000.0
TSSI,227420000.0
TSVT,255360000.0
TT,78710000000.0
TTAM,2490000000.0
TTAN,8820000000.0
TTC,7310000000.0
TTD,28030000000.0
TTE,141280000000.0
TTEC,168110000.0
TTEK,7890000000.0
TTGT,976780000.0
TTI,450140000.0
TTMI,2260000000.0
TTNP,3400000.0
TTSH,285360000.0
TTWO,36450000000.0
TU,22730000000.0
TURB,25550000.0
TURN,36800000.0
TUSK,108290000.0
TUYA,2350000000.0
TV,962590000.0
TVGN,203060000.0
TVTX,1850000000.0
TW,33430000000.0
TWFG,1690000000.0
TWG,4670000.0
TWI,523280000.0
TWIN,109210000.0
TWLO,15330000000.0
TWNP,360210000.0
TWO,1440000000.0
TWST,2530000000.0
TX,6480000000.0
TXG,1320000000.0
TXMD,8860000.0
TXN,163780000000.0
TXNM,4890000000.0
TXO,818000000.0
TXRH,11430000000.0
TXT,13550000000.0
TYG,750110000.0
TYGO,54060000.0
TYL,24710000000.0
TYRA,564960000.0
TZOO,170220000.0
TZUP,35540000.0
U,8790000000.0
UA,2870000000.0
UAA,2980000000.0
UAL,24200000000.0
UAMY,186520000.0
UAN,799170000.0
UAVS,6320000.0
UBCP,74270000.0
UBER,151930000000.0
UBFO,159540000.0
UBS,105580000000.0
UBSI,4980000000.0
UBX,29490000.0
UBXG,14950000.0
UCAR,9050000.0
UCB,3410000000.0
UCL,47240000.0
UCTT,1140000000.0
UDMY,1240000000.0
UDR,15940000000.0
UE,2460000000.0
UEC,2370000000.0
UEIC,90340000.0
UFCS,737330000.0
UFG,166940000.0
UFI,91020000.0
UFPI,6500000000.0
UFPT,1660000000.0
UG,44700000.0
UGI,7100000000.0
UGP,3320000000.0
UGRO,9540000.0
UHAL,12600000000.0
UHAL.B,11590000000.0
UHG,193900000.0
UHGWW,193900000.0
UHS,11350000000.0
UHT,578540000.0
UI,19310000000.0
UIS,299300000.0
UK,1670000.0
UL,149790000000.0
ULBI,95600000.0
ULCC,1400000000.0
ULH,700840000.0
ULS,10490000000.0
ULTA,16550000000.0
ULY,336370.0
UMAC,120220000.0
UMBF,7410000000.0
UMC,16950000000.0
UMH,1500000000.0
UNB,131169999.99999999
UNCY,60310000.0
UNF,3810000000.0
UNFI,1600000000.0
UNH,456460000000.0
UNIT,1260000000.0
UNM,14430000000.0
UNP,143740000000.0
UNTY,423220000.0
UOKA,2580000.0
UONE,36700000.0
UONEK,30570000.0
UP,747710000.0
UPB,529440000.00000006
UPBD,1400000000.0
UPLD,88730000.0
UPS,100840000000.0
UPST,4690000000.0
UPWK,1780000000.0
UPXI,3330000.0
URBN,4530000000.0
URG,300710000.0
URGN,527780000.0
URI,40530000000.0
UROY,249740000.0
USAC,3160000000.0
USAR,118770000.0
USAS,323980000.0
USAU,116700000.0
USB,65720000000.0
USCB,364970000.0
USEA,16629999.999999998
USEG,51910000.0
USFD,15200000000.0
USGO,127180000.0
USIO,40970000.0
USLM,2660000000.0
USM,5590000000.0
USNA,528950000.00000006
USPH,1150000000.0
UTF,2400000000.0
UTHR,14500000000.0
UTI,1470000000.0
UTL,916250000.0
UTMD,196480000.0
UTSI,22170000.0
UTZ,1900000000.0
UUU,4160000.0
UUUU,909400000.0
UVE,614460000.0
UVSP,826550000.0
UVV,1380000000.0
UWMC,9910000000.0
UXIN,815680000.0
V,653570000000.0
VABK,191740000.0
VAC,2390000000.0
VACH,321310000.0
VAL,2750000000.0
VALE,42880000000.0
VALN,568770000.0
VALU,373250000.0
VANI,65160000.0
VATE,107420000.0
VBFC,120250000.0
VBNK,341180000.0
VBTX,1330000000.0
VC,2170000000.0
VCEL,2380000000.0
VCIC,297440000.0
VCIG,20200000.0
VCSA,121100000.0
VCTR,3790000000.0
VCYT,2430000000.0
VECO,1270000000.0
VEEA,56390000.0
VEEE,5930000.0
VEEV,38470000000.0
VEL,651400000.0
VENU,347270000.0
VEON,3170000000.0
VERA,1790000000.0
VERB,5520000.0
VERI,123970000.0
VERO,1880000.0
VERU,72610000.0
VERV,561190000.0
VERX,5460000000.0
VET,1220000000.0
VFC,6400000000.0
VFF,80320000.0
VFS,7740000000.0
VG,27320000000.0
VGAS,175080000.0
VGZ,94050000.0
VHC,31450000.0
VHI,507330000.0
VIAV,2450000000.0
VICI,34320000000.0
VICR,2510000000.0
VIGL,92410000.0
VIK,18630000000.0
VINC,1860000.0
VINE,7990000.0
VINP,648790000.0
VIOT,139880000.0
VIPS,9140000000.0
VIR,960690000.0
VIRC,158170000.0
VIRT,5590000000.0
VIST,4650000000.0
VITL,1400000000.0
VIV,14740000000.0
VIVK,29500000.0
VKTX,3350000000.0
VLCN,499200.0
VLGEA,488710000.0
VLN,224120000.0
VLO,41880000000.0
VLRS,647820000.0
VLTO,24370000000.0
VLY,4950000000.0
VMAR,6320000.0
VMC,31060000000.0
VMD,292860000.0
VMEO,900090000.0
VMI,6560000000.0
VNCE,27360000.0
VNDA,296250000.0
VNET,3040000000.0
VNO,7920000000.0
VNOM,9580000000.0
VNRX,52830000.0
VNT,4970000000.0
VOC,54570000.0
VOD,24370000000.0
VOR,107350000.0
VOXR,133160000.0
VOXX,168510000.0
VOYA,6440000000.0
VPG,298820000.0
VRA,75970000.0
VRAR,26520000.0
VRAX,5560000.0
VRCA,59700000.0
VRDN,1310000000.0
VRE,1670000000.0
VREX,528580000.00000006
VRME,9890000.0
VRN,3860000000.0
VRNA,5660000000.0
VRNS,4670000000.0
VRNT,1410000000.0
VRPX,4490000.0
VRRM,3320000000.0
VRSK,40820000000.0
VRSN,22560000000.0
VRT,33939999999.999996
VRTS,1230000000.0
VRTX,131930000000.0
VS,5710000.0
VSAT,1300000000.0
VSCO,1580000000.0
VSEC,2390000000.0
VSEE,19890000.0
VSH,2320000000.0
VSME,3120000.0
VST,42790000000.0
VSTA,283810000.0
VSTE,13850000.0
VSTM,332030000.0
VSTS,1450000000.0
VTAK,3280000.0
VTEX,921660000.0
VTGN,81250000.0
VTLE,799370000.0
VTMX,1940000000.0
VTOL,905920000.0
VTR,30290000000.0
VTRS,11040000000.0
VTS,919320000.0
VTSI,57830000.0
VTVT,72530000.0
VTYX,100650000.0
VUZI,181460000.0
VVOS,21200000.0
VVPR,3110000.0
VVV,4590000000.0
VVX,1550000000.0
VXRT,130800000.00000001
VYGR,214750000.0
VYNE,27730000.0
VYX,1420000000.0
VZ,183750000000.0
VZLA,671900000.0
W,4070000000.0000005
WAB,31070000000.0
WABC,1360000000.0
WAFD,2310000000.0
WAFU,6660000.0
WAI,39890000.0
WAL,8410000000.0
WALD,391890000.0
WASH,596210000.0
WAT,22510000000.0
WATT,10650000.0
WAVE,44860000.0
WAY,6290000000.0
WB,2650000000.0
WBA,9740000000.0
WBD,25730000000.0
WBS,8710000000.0
WBTN,1160000000.0
WBX,92970000.0
WCC,7980000000.0
WCN,48490000000.0
WCT,23720000.0
WD,2970000000.0
WDAY,66750000000.0
WDC,15570000000.0
WDFC,3280000000.0
WDH,538650000.0
WDS,27700000000.0
WEAV,847640000.0
WEC,34040000000.0
WELL,97000000000.0
WEN,3070000000.0
WERN,1870000000.0
WES,15920000000.0
WEST,656770000.0
WETH,16230000.0
WETO,84700000.0
WEX,6140000000.0
WEYS,279250000.0
WF,8510000000.0
WFC,232940000000.0
WFCF,62010000.0
WFG,6160000000.0
WFRD,4040000000.0
WGO,1020000000.0
WGRX,181290000.0
WGS,2650000000.0
WGSWW,2650000000.0
WH,7160000000.0
WHD,3640000000.0
WHF,236150000.0
WHG,129199999.99999999
WHLR,1400000.0
WHR,5220000000.0
WILC,228740000.0
WIMI,76850000.0
WINA,1120000000.0
WING,6140000000.0
WINT,424270.0
WINV,39170000.0
WIT,31350000000.0
WIX,9790000000.0
WK,4970000000.0
WKC,1640000000.0
WKEY,40590000.0
WKHS,6660000.0
WKSP,1150000.0
WLAC,150250000.0
WLDN,598350000.0
WLDS,2100000.0
WLFC,1210000000.0
WLGS,70470000.0
WLK,13810000000.0
WLKP,821060000.0
WLY,2400000000.0
WLYB,2390000000.0
WM,91760000000.0
WMB,71200000000.0
WMG,17220000000.0
WMK,2150000000.0
WMPN,92100000.0
WMS,8529999999.999999
WMT,701310000000.0
WNC,480960000.0
WNEB,185780000.0
WNS,2760000000.0
WNW,4800000.0
WOK,9050000.0
WOLF,933430000.0
WOOF,678120000.0
WOR,2069999999.9999998
WORX,1440000.0
WOW,348370000.0
WPC,13700000000.0
WPM,34470000000.0
WPP,8660000000.0
WPRT,64050000.0
WRAP,103240000.0
WRB,24300000000.0
WRBY,2460000000.0
WRD,4940000000.0
WRLD,666270000.0
WRN,212280000.0
WS,1330000000.0
WSBC,2140000000.0000002
WSBF,238700000.0
WSC,5620000000.0
WSFS,3050000000.0
WSM,21540000000.0
WSO,19300000000.0
WSO.B,19280000000.0
WSR,738110000.0
WST,16739999999.999998
WT,1210000000.0
WTBA,342210000.0
WTFC,7510000000.0
WTI,234740000.0
WTM,4800000000.0
WTO,7480000.0
WTRG,10960000000.0
WTS,7130000000.0
WTTR,1160000000.0
WTW,32729999999.999996
WU,3600000000.0
WULF,1250000000.0
WVE,1560000000.0
WVVI,30210000.0
WW,42840000.0
WWD,10820000000.0
WWR,40630000.0
WWW,1100000000.0
WY,21740000000.0
WYNN,9110000000.0
WYY,32790000.0
X,9030000000.0
XAGE,6930000.0
XAIR,26620000.0
XBIO,5660000.0
XBIT,107300000.0
XBP,35600000.0
XCH,74910000.0
XCUR,39660000.0
XEL,40200000000.0
XELB,6390000.0
XENE,2720000000.0
XERS,774320000.0
XFOR,53500000.0
XGN,64790000.00000001
XHG,17750000.0
XHLD,13570000.0
XHR,1360000000.0
XIFR,837130000.0
XIN,15410000.0
XLO,41790000.0
XMTR,1290000000.0
XNCR,914600000.0
XNET,285840000.0
XOM,493620000000.0
XOMA,244260000.0
XOS,29070000.0
XP,8310000000.000001
XPEL,889020000.0
XPER,355110000.0
XPEV,23300000000.0
XPL,53750000.0
XPO,13040000000.0
XPOF,445570000.0
XPON,2089999.9999999998
XPRO,1230000000.0
XRAY,3100000000.0
XRTX,3460000.0
XRX,722870000.0
XTIA,9470000.0
XTKG,14460000.0
XTLB,11100000.0
XTNT,66750000.0
XWEL,4770000.0
XXII,3070000.0
XYF,611620000.0
XYL,29910000000.0
XYLO,3470000.0
XYZ,36380000000.0
YAAS,77500000.0
YALA,786400000.0
YCBD,1660000.0
YELP,2280000000.0
YETI,2800000000.0
YEXT,779150000.0
YGMZ,6670000.0
YHC,48020000.0
YHGJ,27920000.0
YHNA,81030000.0
YI,80700000.0
YIBO,78940000.0
YJ,9560000.0
YMAB,215240000.0
YMM,14320000000.0
YORW,496000000.0
YOSH,29400000.0
YOTA,41870000.0
YOU,3610000000.0
YPF,16739999999.999998
YQ,15700000.0
YRD,686780000.0
YSG,538630000.0
YSXT,61410000.0
YTRA,50610000.0
YUM,43860000000.0
YUMC,20050000000.0
YXT,58270000.0
YY,2640000000.0
YYAI,10240000.0
YYGH,59880000.0
Z,17079999999.999998
ZAPP,4530000.0
ZBAI,18640000.0
ZBAO,42870000.0
ZBH,22250000000.0
ZBIO,352370000.0
ZBRA,14660000000.0
ZCAR,2320000.0
ZCMD,30260000.0
ZD,1800000000.0
ZDGE,31820000.0
ZENA,59710000.0
ZENV,79880000.0
ZEO,80790000.0
ZEPP,47830000.0
ZETA,3440000000.0
ZEUS,365260000.0
ZG,16710000000.0
ZGN,1870000000.0
ZH,444620000.0
ZI,3620000000.0
ZIM,2220000000.0
ZIMV,337940000.0
ZION,7230000000.0
ZIP,587160000.0
ZJK,298930000.0
ZJYL,139140000.0
ZK,7450000000.0
ZKH,583210000.0
ZKIN,6610000.0
ZLAB,4130000000.0
ZM,22940000000.0
ZNTL,135400000.0
ZONE,9630000.0
ZOOZ,21060000.0
ZS,31360000000.0
ZSPC,254450000.0
ZTEK,97070000.0
ZTO,16550000000.0
ZTS,73960000000.0
ZUMZ,279920000.0
ZURA,88800000.0
ZVIA,165390000.0
ZVRA,451870000.0
ZVSA,1850000.0
ZWS,5690000000.0
ZYBT,219420000.0
ZYME,875280000.0
ZYXI,92550000.0
